Date,Close
4/23/2003,0.138181
4/24/2003,0.141818
4/25/2003,0.135454
4/28/2003,0.134545
4/29/2003,0.134545
4/30/2003,0.134545
5/1/2003,0.134545
5/2/2003,0.14
5/5/2003,0.147272
5/6/2003,0.14
5/7/2003,0.144545
5/8/2003,0.144545
5/9/2003,0.14
5/12/2003,0.144545
5/13/2003,0.145454
5/14/2003,0.145454
5/15/2003,0.145454
5/16/2003,0.152727
5/19/2003,0.153636
5/20/2003,0.144545
5/21/2003,0.161818
5/22/2003,0.162727
5/23/2003,0.158181
5/26/2003,0.158181
5/27/2003,0.156363
5/28/2003,0.174545
5/29/2003,0.185454
5/30/2003,0.172727
6/2/2003,0.164545
6/3/2003,0.160909
6/4/2003,0.163636
6/5/2003,0.172727
6/6/2003,0.178181
6/9/2003,0.181818
6/10/2003,0.181818
6/11/2003,0.196363
6/12/2003,0.185454
6/13/2003,0.181818
6/16/2003,0.170909
6/17/2003,0.172727
6/18/2003,0.176363
6/19/2003,0.171818
6/20/2003,0.176363
6/23/2003,0.16909
6/24/2003,0.167272
6/25/2003,0.163636
6/26/2003,0.165454
6/27/2003,0.178181
6/30/2003,0.16909
7/1/2003,0.168181
7/2/2003,0.176363
7/3/2003,0.17909
7/4/2003,0.187272
7/7/2003,0.192727
7/8/2003,0.185454
7/9/2003,0.190909
7/10/2003,0.196363
7/11/2003,0.18909
7/14/2003,0.192727
7/15/2003,0.194545
7/16/2003,0.194545
7/17/2003,0.190909
7/18/2003,0.190909
7/21/2003,0.192727
7/22/2003,0.192727
7/23/2003,0.17
7/24/2003,0.176363
7/25/2003,0.174545
7/28/2003,0.167272
7/29/2003,0.16909
7/30/2003,0.176363
7/31/2003,0.16909
8/1/2003,0.178181
8/4/2003,0.172727
8/5/2003,0.170909
8/6/2003,0.16909
8/7/2003,0.164545
8/8/2003,0.16909
8/11/2003,0.16909
8/12/2003,0.167272
8/13/2003,0.16909
8/14/2003,0.172727
8/15/2003,0.174545
8/18/2003,0.17
8/19/2003,0.16909
8/20/2003,0.167272
8/21/2003,0.170909
8/22/2003,0.173636
8/25/2003,0.175454
8/26/2003,0.172727
8/27/2003,0.172727
8/28/2003,0.16909
8/29/2003,0.16909
9/1/2003,0.16909
9/2/2003,0.163636
9/3/2003,0.16
9/4/2003,0.164545
9/5/2003,0.164545
9/8/2003,0.156363
9/9/2003,0.152727
9/10/2003,0.14909
9/11/2003,0.14909
9/12/2003,0.15909
9/15/2003,0.14909
9/16/2003,0.154545
9/17/2003,0.150909
9/18/2003,0.154545
9/19/2003,0.152727
9/22/2003,0.152727
9/23/2003,0.151818
9/24/2003,0.156363
9/25/2003,0.158181
9/26/2003,0.15909
9/29/2003,0.161818
9/30/2003,0.153636
10/1/2003,0.161818
10/2/2003,0.158181
10/3/2003,0.161818
10/6/2003,0.155454
10/7/2003,0.156363
10/8/2003,0.161818
10/9/2003,0.167272
10/10/2003,0.163636
10/13/2003,0.162727
10/14/2003,0.166363
10/15/2003,0.16909
10/16/2003,0.163636
10/17/2003,0.163636
10/20/2003,0.163636
10/21/2003,0.163636
10/22/2003,0.170909
10/23/2003,0.167272
10/24/2003,0.167272
10/27/2003,0.178181
10/28/2003,0.183636
10/29/2003,0.183636
10/30/2003,0.183636
10/31/2003,0.177272
11/3/2003,0.18
11/4/2003,0.181818
11/5/2003,0.181818
11/6/2003,0.180909
11/7/2003,0.181818
11/10/2003,0.176363
11/11/2003,0.176363
11/12/2003,0.196363
11/13/2003,0.198181
11/14/2003,0.187272
11/17/2003,0.183636
11/18/2003,0.17909
11/19/2003,0.16909
11/20/2003,0.167272
11/21/2003,0.18
11/24/2003,0.18
11/25/2003,0.18
11/26/2003,0.18
11/27/2003,0.17
11/28/2003,0.17
12/1/2003,0.172727
12/2/2003,0.170909
12/3/2003,0.171818
12/4/2003,0.173636
12/5/2003,0.176363
12/8/2003,0.176363
12/9/2003,0.172727
12/10/2003,0.171818
12/11/2003,0.170909
12/12/2003,0.172727
12/15/2003,0.173636
12/16/2003,0.171818
12/17/2003,0.171818
12/18/2003,0.163636
12/19/2003,0.15909
12/22/2003,0.158181
12/23/2003,0.150909
12/24/2003,0.154545
12/25/2003,0.154545
12/26/2003,0.162727
12/29/2003,0.155454
12/30/2003,0.158181
12/31/2003,0.156363
1/1/2004,0.156363
1/2/2004,0.153636
1/5/2004,0.154545
1/6/2004,0.163636
1/7/2004,0.156363
1/8/2004,0.163636
1/9/2004,0.162727
1/12/2004,0.164545
1/13/2004,0.156363
1/14/2004,0.16
1/15/2004,0.163636
1/16/2004,0.157272
1/19/2004,0.16
1/20/2004,0.165454
1/21/2004,0.165454
1/22/2004,0.165454
1/23/2004,0.165454
1/26/2004,0.156363
1/27/2004,0.164545
1/28/2004,0.156363
1/29/2004,0.155454
1/30/2004,0.153636
2/2/2004,0.153636
2/3/2004,0.153636
2/4/2004,0.14909
2/5/2004,0.150909
2/6/2004,0.154545
2/9/2004,0.156363
2/10/2004,0.157272
2/11/2004,0.157272
2/12/2004,0.157272
2/13/2004,0.152727
2/16/2004,0.15909
2/17/2004,0.158181
2/18/2004,0.156363
2/19/2004,0.152727
2/20/2004,0.154545
2/23/2004,0.154545
2/24/2004,0.156363
2/25/2004,0.158181
2/26/2004,0.16
2/27/2004,0.158181
3/1/2004,0.158181
3/2/2004,0.163636
3/3/2004,0.152727
3/4/2004,0.150909
3/5/2004,0.154545
3/8/2004,0.158181
3/9/2004,0.151818
3/10/2004,0.150909
3/11/2004,0.161818
3/12/2004,0.198181
3/15/2004,0.20909
3/16/2004,0.192727
3/17/2004,0.205454
3/18/2004,0.190909
3/19/2004,0.190909
3/22/2004,0.185454
3/23/2004,0.181818
3/24/2004,0.181818
3/25/2004,0.18
3/26/2004,0.18
3/29/2004,0.174545
3/30/2004,0.167272
3/31/2004,0.163636
4/1/2004,0.163636
4/2/2004,0.172727
4/5/2004,0.16
4/6/2004,0.14909
4/7/2004,0.12
4/8/2004,0.121818
4/9/2004,0.114545
4/12/2004,0.12
4/13/2004,0.127272
4/14/2004,0.125454
4/15/2004,0.12909
4/16/2004,0.132727
4/19/2004,0.136363
4/20/2004,0.13909
4/21/2004,0.136363
4/22/2004,0.136363
4/23/2004,0.138181
4/26/2004,0.145454
4/27/2004,0.147272
4/28/2004,0.147272
4/29/2004,0.14909
4/30/2004,0.152727
5/3/2004,0.152727
5/4/2004,0.152727
5/5/2004,0.150909
5/6/2004,0.145454
5/7/2004,0.15
5/10/2004,0.144545
5/11/2004,0.144545
5/12/2004,0.144545
5/13/2004,0.145454
5/14/2004,0.143636
5/17/2004,0.143636
5/18/2004,0.14
5/19/2004,0.143636
5/20/2004,0.141818
5/21/2004,0.141818
5/24/2004,0.143636
5/25/2004,0.13909
5/26/2004,0.142727
5/27/2004,0.143636
5/28/2004,0.14909
5/31/2004,0.147272
6/1/2004,0.147272
6/2/2004,0.138181
6/3/2004,0.135454
6/4/2004,0.145454
6/7/2004,0.141818
6/8/2004,0.141818
6/9/2004,0.14
6/10/2004,0.140909
6/11/2004,0.145454
6/14/2004,0.141818
6/15/2004,0.143636
6/16/2004,0.145454
6/17/2004,0.147272
6/18/2004,0.150909
6/21/2004,0.147272
6/22/2004,0.145454
6/23/2004,0.141818
6/24/2004,0.154545
6/25/2004,0.141818
6/28/2004,0.143636
6/29/2004,0.143636
6/30/2004,0.147272
7/1/2004,0.144545
7/2/2004,0.145454
7/5/2004,0.148181
7/6/2004,0.152727
7/7/2004,0.145454
7/8/2004,0.145454
7/9/2004,0.143636
7/12/2004,0.145454
7/13/2004,0.145454
7/14/2004,0.143636
7/15/2004,0.145454
7/16/2004,0.14909
7/19/2004,0.147272
7/20/2004,0.145454
7/21/2004,0.14
7/22/2004,0.14
7/23/2004,0.145454
7/26/2004,0.14
7/27/2004,0.14
7/28/2004,0.14
7/29/2004,0.14
7/30/2004,0.14
8/2/2004,0.14
8/3/2004,0.141818
8/4/2004,0.150909
8/5/2004,0.141818
8/6/2004,0.141818
8/9/2004,0.141818
8/10/2004,0.143636
8/11/2004,0.141818
8/12/2004,0.141818
8/13/2004,0.141818
8/16/2004,0.14
8/17/2004,0.145454
8/18/2004,0.143636
8/19/2004,0.14
8/20/2004,0.145454
8/23/2004,0.145454
8/24/2004,0.141818
8/25/2004,0.145454
8/26/2004,0.141818
8/27/2004,0.14
8/30/2004,0.136363
8/31/2004,0.136363
9/1/2004,0.134545
9/2/2004,0.143636
9/3/2004,0.136363
9/6/2004,0.138181
9/7/2004,0.138181
9/8/2004,0.145454
9/9/2004,0.138181
9/10/2004,0.138181
9/13/2004,0.144545
9/14/2004,0.138181
9/15/2004,0.144545
9/16/2004,0.138181
9/17/2004,0.145454
9/20/2004,0.144545
9/21/2004,0.138181
9/22/2004,0.14
9/23/2004,0.142727
9/24/2004,0.136363
9/27/2004,0.138181
9/28/2004,0.138181
9/29/2004,0.143636
9/30/2004,0.138181
10/1/2004,0.143636
10/4/2004,0.143636
10/5/2004,0.14
10/6/2004,0.138181
10/7/2004,0.138181
10/8/2004,0.141818
10/11/2004,0.136363
10/12/2004,0.136363
10/13/2004,0.136363
10/14/2004,0.134545
10/15/2004,0.134545
10/18/2004,0.136363
10/19/2004,0.136363
10/20/2004,0.136363
10/21/2004,0.136363
10/22/2004,0.130909
10/25/2004,0.130909
10/26/2004,0.127272
10/27/2004,0.127272
10/28/2004,0.130909
10/29/2004,0.130909
11/1/2004,0.130909
11/2/2004,0.130909
11/3/2004,0.12909
11/4/2004,0.127272
11/5/2004,0.127272
11/8/2004,0.127272
11/9/2004,0.127272
11/10/2004,0.12909
11/11/2004,0.12909
11/12/2004,0.12909
11/15/2004,0.12909
11/16/2004,0.12909
11/17/2004,0.127272
11/18/2004,0.125454
11/19/2004,0.125454
11/22/2004,0.128181
11/23/2004,0.123636
11/24/2004,0.123636
11/25/2004,0.121818
11/26/2004,0.123636
11/29/2004,0.121818
11/30/2004,0.118181
12/1/2004,0.116363
12/2/2004,0.117272
12/3/2004,0.122727
12/6/2004,0.12
12/7/2004,0.116363
12/8/2004,0.116363
12/9/2004,0.116363
12/10/2004,0.114545
12/13/2004,0.116363
12/14/2004,0.12
12/15/2004,0.118181
12/16/2004,0.118181
12/17/2004,0.125454
12/20/2004,0.118181
12/21/2004,0.125454
12/22/2004,0.127272
12/23/2004,0.125454
12/24/2004,0.118181
12/27/2004,0.125454
12/28/2004,0.123636
12/29/2004,0.127272
12/30/2004,0.123636
12/31/2004,0.127272
1/3/2005,0.12
1/4/2005,0.12
1/5/2005,0.121818
1/6/2005,0.121818
1/7/2005,0.121818
1/10/2005,0.127272
1/11/2005,0.134545
1/12/2005,0.123636
1/13/2005,0.123636
1/14/2005,0.132727
1/17/2005,0.132727
1/18/2005,0.145454
1/19/2005,0.146363
1/20/2005,0.143636
1/24/2005,0.143636
1/25/2005,0.138181
1/26/2005,0.13
1/27/2005,0.127272
1/28/2005,0.127272
1/31/2005,0.121818
2/2/2005,0.118181
2/3/2005,0.121818
2/4/2005,0.141818
2/7/2005,0.125454
2/8/2005,0.123636
2/14/2005,0.132727
2/15/2005,0.132727
2/16/2005,0.14
2/17/2005,0.140909
2/18/2005,0.143636
2/21/2005,0.14
2/22/2005,0.145454
2/23/2005,0.14
2/24/2005,0.132727
2/25/2005,0.140909
2/28/2005,0.12909
3/1/2005,0.12909
3/2/2005,0.125454
3/3/2005,0.121818
3/4/2005,0.121818
3/7/2005,0.121818
3/8/2005,0.145454
3/9/2005,0.14
3/10/2005,0.127272
3/11/2005,0.125454
3/14/2005,0.123636
3/15/2005,0.125454
3/16/2005,0.123636
3/17/2005,0.121818
3/18/2005,0.123636
3/21/2005,0.121818
3/22/2005,0.12
3/23/2005,0.118181
3/24/2005,0.145454
3/25/2005,0.123636
3/28/2005,0.121818
3/29/2005,0.121818
3/30/2005,0.121818
3/31/2005,0.122727
4/1/2005,0.122727
4/4/2005,0.14
4/5/2005,0.122727
4/6/2005,0.121818
4/7/2005,0.122727
4/8/2005,0.121818
4/11/2005,0.122727
4/12/2005,0.122727
4/13/2005,0.122727
4/14/2005,0.122727
4/15/2005,0.136363
4/18/2005,0.12
4/19/2005,0.121818
4/20/2005,0.121818
4/22/2005,0.120909
4/25/2005,0.121818
4/26/2005,0.121818
4/27/2005,0.121818
4/28/2005,0.121818
4/29/2005,0.136363
5/3/2005,0.12
5/4/2005,0.121818
5/5/2005,0.118181
5/6/2005,0.134545
5/9/2005,0.123636
5/10/2005,0.121818
5/11/2005,0.127272
5/12/2005,0.12
5/13/2005,0.127272
5/16/2005,0.12
5/17/2005,0.121818
5/18/2005,0.118181
5/19/2005,0.12
5/20/2005,0.118181
5/24/2005,0.114545
5/25/2005,0.118181
5/26/2005,0.118181
5/27/2005,0.127272
5/30/2005,0.118181
5/31/2005,0.123636
6/1/2005,0.116363
6/2/2005,0.12
6/3/2005,0.112727
6/6/2005,0.118181
6/7/2005,0.126363
6/8/2005,0.116363
6/9/2005,0.116363
6/10/2005,0.116363
6/13/2005,0.116363
6/14/2005,0.123636
6/15/2005,0.123636
6/16/2005,0.114545
6/17/2005,0.125454
6/20/2005,0.127272
6/21/2005,0.114545
6/22/2005,0.127272
6/23/2005,0.12
6/24/2005,0.136363
6/27/2005,0.122727
6/28/2005,0.118181
6/29/2005,0.116363
6/30/2005,0.118181
7/1/2005,0.114545
7/4/2005,0.118181
7/5/2005,0.116363
7/6/2005,0.116363
7/7/2005,0.116363
7/8/2005,0.116363
7/11/2005,0.118181
7/12/2005,0.118181
7/13/2005,0.118181
7/14/2005,0.112727
7/15/2005,0.118181
7/18/2005,0.116363
7/19/2005,0.116363
7/20/2005,0.116363
7/21/2005,0.116363
7/22/2005,0.114545
7/25/2005,0.114545
7/26/2005,0.110909
7/27/2005,0.10909
7/28/2005,0.10909
7/29/2005,0.107272
8/1/2005,0.110909
8/2/2005,0.105454
8/3/2005,0.10909
8/4/2005,0.10909
8/5/2005,0.12
8/8/2005,0.116363
8/9/2005,0.107272
8/10/2005,0.116363
8/11/2005,0.105454
8/12/2005,0.118181
8/15/2005,0.105454
8/16/2005,0.105454
8/17/2005,0.106363
8/18/2005,0.112727
8/19/2005,0.125454
8/22/2005,0.113636
8/23/2005,0.110909
8/24/2005,0.114545
8/25/2005,0.112727
8/26/2005,0.110909
8/29/2005,0.121818
8/30/2005,0.116363
9/1/2005,0.111818
9/2/2005,0.112727
9/5/2005,0.110909
9/6/2005,0.10909
9/7/2005,0.11
9/8/2005,0.11
9/9/2005,0.110909
9/12/2005,0.110909
9/13/2005,0.127272
9/14/2005,0.114545
9/15/2005,0.127272
9/16/2005,0.118181
9/19/2005,0.110909
9/20/2005,0.110909
9/21/2005,0.110909
9/22/2005,0.110909
9/23/2005,0.110909
9/26/2005,0.110909
9/27/2005,0.10909
9/28/2005,0.10909
9/29/2005,0.10909
9/30/2005,0.12909
10/3/2005,0.112727
10/4/2005,0.110909
10/5/2005,0.127272
10/6/2005,0.127272
10/7/2005,0.111818
10/10/2005,0.127272
10/11/2005,0.127272
10/12/2005,0.123636
10/13/2005,0.125454
10/14/2005,0.125454
10/17/2005,0.112727
10/18/2005,0.112727
10/19/2005,0.112727
10/20/2005,0.114545
10/21/2005,0.125454
10/24/2005,0.110909
10/25/2005,0.110909
10/26/2005,0.110909
10/27/2005,0.110909
10/28/2005,0.110909
10/31/2005,0.111818
11/2/2005,0.110909
11/7/2005,0.110909
11/8/2005,0.110909
11/9/2005,0.110909
11/10/2005,0.110909
11/11/2005,0.110909
11/14/2005,0.110909
11/15/2005,0.110909
11/16/2005,0.110909
11/17/2005,0.110909
11/18/2005,0.110909
11/21/2005,0.110909
11/22/2005,0.110909
11/23/2005,0.110909
11/24/2005,0.118181
11/25/2005,0.10909
11/28/2005,0.10909
11/29/2005,0.118181
11/30/2005,0.118181
12/1/2005,0.10909
12/2/2005,0.10909
12/5/2005,0.10909
12/6/2005,0.10909
12/7/2005,0.10909
12/8/2005,0.114545
12/9/2005,0.118181
12/12/2005,0.11
12/13/2005,0.10909
12/14/2005,0.10909
12/15/2005,0.118181
12/16/2005,0.10909
12/19/2005,0.10909
12/20/2005,0.118181
12/21/2005,0.10909
12/22/2005,0.10909
12/23/2005,0.10909
12/27/2005,0.118181
12/28/2005,0.10909
12/29/2005,0.10909
12/30/2005,0.10909
1/3/2006,0.118181
1/4/2006,0.10909
1/5/2006,0.10909
1/6/2006,0.118181
1/9/2006,0.110909
1/10/2006,0.110909
1/11/2006,0.10909
1/12/2006,0.127272
1/13/2006,0.125454
1/16/2006,0.116363
1/17/2006,0.110909
1/18/2006,0.116363
1/19/2006,0.10909
1/20/2006,0.115454
1/23/2006,0.10909
1/24/2006,0.10909
1/25/2006,0.114545
1/26/2006,0.114545
1/27/2006,0.10909
1/30/2006,0.10909
1/31/2006,0.10909
2/1/2006,0.10909
2/2/2006,0.10909
2/3/2006,0.115454
2/6/2006,0.10909
2/7/2006,0.10909
2/8/2006,0.10909
2/9/2006,0.110909
2/10/2006,0.114545
2/13/2006,0.127272
2/14/2006,0.118181
2/15/2006,0.127272
2/16/2006,0.11
2/17/2006,0.10909
2/20/2006,0.12
2/21/2006,0.10909
2/22/2006,0.112727
2/23/2006,0.112727
2/24/2006,0.112727
2/27/2006,0.112727
2/28/2006,0.12
3/1/2006,0.123636
3/2/2006,0.121818
3/3/2006,0.110909
3/6/2006,0.112727
3/7/2006,0.118181
3/8/2006,0.114545
3/9/2006,0.116363
3/10/2006,0.122727
3/13/2006,0.116363
3/14/2006,0.113636
3/15/2006,0.118181
3/16/2006,0.111818
3/17/2006,0.113636
3/20/2006,0.118181
3/21/2006,0.125454
3/22/2006,0.127272
3/23/2006,0.114545
3/24/2006,0.110909
3/27/2006,0.12
3/28/2006,0.110909
3/29/2006,0.110909
3/30/2006,0.123636
3/31/2006,0.124545
4/3/2006,0.112727
4/4/2006,0.123636
4/5/2006,0.123636
4/6/2006,0.12
4/7/2006,0.112727
4/10/2006,0.111818
4/11/2006,0.111818
4/12/2006,0.11909
4/13/2006,0.112727
4/14/2006,0.115454
4/17/2006,0.110909
4/18/2006,0.110909
4/19/2006,0.110909
4/20/2006,0.11
4/21/2006,0.121818
4/24/2006,0.118181
4/25/2006,0.112727
4/26/2006,0.110909
4/27/2006,0.113636
4/28/2006,0.114545
5/1/2006,0.114545
5/2/2006,0.114545
5/3/2006,0.11909
5/4/2006,0.12909
5/5/2006,0.125454
5/8/2006,0.127272
5/9/2006,0.136363
5/10/2006,0.132727
5/11/2006,0.14
5/12/2006,0.14
5/15/2006,0.127272
5/16/2006,0.12
5/17/2006,0.134545
5/18/2006,0.132727
5/19/2006,0.131818
5/22/2006,0.134545
5/23/2006,0.132727
5/24/2006,0.133636
5/25/2006,0.137272
5/26/2006,0.137272
5/29/2006,0.137272
5/30/2006,0.136363
5/31/2006,0.13909
6/1/2006,0.132727
6/2/2006,0.134545
6/5/2006,0.141818
6/6/2006,0.136363
6/7/2006,0.136363
6/8/2006,0.136363
6/9/2006,0.136363
6/12/2006,0.136363
6/13/2006,0.136363
6/14/2006,0.136363
6/15/2006,0.138181
6/16/2006,0.138181
6/19/2006,0.141818
6/20/2006,0.145454
6/21/2006,0.145454
6/22/2006,0.142727
6/23/2006,0.154545
6/26/2006,0.154545
6/27/2006,0.154545
6/28/2006,0.154545
6/29/2006,0.154545
6/30/2006,0.154545
7/3/2006,0.145454
7/4/2006,0.148181
7/5/2006,0.148181
7/6/2006,0.137272
7/7/2006,0.141818
7/10/2006,0.141818
7/11/2006,0.145454
7/12/2006,0.143636
7/13/2006,0.145454
7/14/2006,0.144545
7/17/2006,0.144545
7/18/2006,0.143636
7/19/2006,0.142727
7/20/2006,0.142727
7/21/2006,0.143636
7/24/2006,0.13909
7/25/2006,0.14
7/26/2006,0.136363
7/27/2006,0.13909
7/28/2006,0.138181
7/31/2006,0.134545
8/1/2006,0.134545
8/2/2006,0.136363
8/3/2006,0.138181
8/4/2006,0.136363
8/7/2006,0.136363
8/8/2006,0.136363
8/9/2006,0.145454
8/10/2006,0.132727
8/11/2006,0.138181
8/14/2006,0.14
8/15/2006,0.132727
8/16/2006,0.133636
8/17/2006,0.132727
8/18/2006,0.136363
8/21/2006,0.128181
8/22/2006,0.138181
8/23/2006,0.14
8/24/2006,0.13909
8/25/2006,0.138181
8/28/2006,0.138181
8/29/2006,0.145454
8/30/2006,0.145454
8/31/2006,0.132727
9/1/2006,0.145454
9/4/2006,0.145454
9/5/2006,0.145454
9/6/2006,0.145454
9/7/2006,0.145454
9/8/2006,0.145454
9/11/2006,0.145454
9/12/2006,0.136363
9/13/2006,0.136363
9/14/2006,0.134545
9/15/2006,0.135454
9/18/2006,0.134545
9/19/2006,0.132727
9/20/2006,0.132727
9/21/2006,0.134545
9/22/2006,0.134545
9/25/2006,0.134545
9/26/2006,0.134545
9/27/2006,0.134545
9/28/2006,0.12909
9/29/2006,0.136363
10/2/2006,0.13909
10/3/2006,0.14
10/4/2006,0.14
10/5/2006,0.14
10/6/2006,0.14
10/9/2006,0.128181
10/10/2006,0.128181
10/11/2006,0.128181
10/12/2006,0.13
10/13/2006,0.133636
10/16/2006,0.133636
10/17/2006,0.13
10/18/2006,0.134545
10/19/2006,0.12909
10/20/2006,0.136363
10/23/2006,0.136363
10/24/2006,0.136363
10/25/2006,0.136363
10/26/2006,0.127272
10/27/2006,0.127272
10/30/2006,0.127272
10/31/2006,0.133636
11/1/2006,0.132727
11/2/2006,0.12909
11/3/2006,0.131818
11/6/2006,0.134545
11/7/2006,0.132727
11/8/2006,0.132727
11/9/2006,0.132727
11/10/2006,0.130909
11/13/2006,0.130909
11/14/2006,0.127272
11/15/2006,0.127272
11/16/2006,0.135454
11/17/2006,0.135454
11/20/2006,0.135454
11/21/2006,0.136363
11/22/2006,0.130909
11/23/2006,0.130909
11/24/2006,0.130909
11/27/2006,0.132727
11/28/2006,0.134545
11/29/2006,0.136363
11/30/2006,0.141818
12/1/2006,0.132727
12/4/2006,0.134545
12/5/2006,0.134545
12/6/2006,0.134545
12/7/2006,0.134545
12/8/2006,0.134545
12/11/2006,0.134545
12/12/2006,0.134545
12/13/2006,0.134545
12/14/2006,0.127272
12/15/2006,0.125454
12/18/2006,0.125454
12/19/2006,0.121818
12/20/2006,0.11909
12/21/2006,0.11909
12/22/2006,0.136363
12/25/2006,0.136363
12/26/2006,0.136363
12/27/2006,0.125454
12/28/2006,0.125454
12/29/2006,0.130909
1/3/2007,0.131818
1/4/2007,0.127272
1/5/2007,0.135454
1/8/2007,0.135454
1/9/2007,0.125454
1/10/2007,0.127272
1/11/2007,0.12909
1/12/2007,0.133636
1/15/2007,0.147272
1/16/2007,0.145454
1/17/2007,0.15
1/18/2007,0.14909
1/19/2007,0.147272
1/22/2007,0.141818
1/23/2007,0.14909
1/24/2007,0.14909
1/25/2007,0.143636
1/26/2007,0.14909
1/29/2007,0.15
1/30/2007,0.147272
1/31/2007,0.148181
2/2/2007,0.14
2/5/2007,0.143636
2/6/2007,0.148181
2/7/2007,0.16
2/8/2007,0.163636
2/9/2007,0.165454
2/12/2007,0.16909
2/13/2007,0.178181
2/14/2007,0.181818
2/15/2007,0.181818
2/16/2007,0.190909
2/21/2007,0.203636
2/22/2007,0.212727
2/23/2007,0.212727
2/26/2007,0.20909
2/27/2007,0.192727
2/28/2007,0.176363
3/1/2007,0.171818
3/2/2007,0.167272
3/5/2007,0.156363
3/6/2007,0.15909
3/7/2007,0.15909
3/8/2007,0.167272
3/9/2007,0.16909
3/12/2007,0.178181
3/13/2007,0.172727
3/14/2007,0.16909
3/15/2007,0.16
3/16/2007,0.154545
3/19/2007,0.154545
3/20/2007,0.164545
3/21/2007,0.164545
3/22/2007,0.165454
3/23/2007,0.17
3/26/2007,0.154545
3/27/2007,0.162727
3/28/2007,0.167272
3/29/2007,0.165454
3/30/2007,0.163636
4/2/2007,0.16909
4/3/2007,0.16
4/4/2007,0.163636
4/5/2007,0.16909
4/6/2007,0.16909
4/9/2007,0.167272
4/10/2007,0.16909
4/11/2007,0.165454
4/12/2007,0.185454
4/13/2007,0.178181
4/16/2007,0.187272
4/17/2007,0.181818
4/18/2007,0.176363
4/19/2007,0.171818
4/20/2007,0.18
4/23/2007,0.178181
4/24/2007,0.177272
4/25/2007,0.177272
4/26/2007,0.177272
4/27/2007,0.177272
4/30/2007,0.171818
5/3/2007,0.177272
5/4/2007,0.16909
5/7/2007,0.16909
5/8/2007,0.17909
5/9/2007,0.178181
5/10/2007,0.170909
5/11/2007,0.167272
5/14/2007,0.16909
5/15/2007,0.165454
5/16/2007,0.166363
5/17/2007,0.168181
5/18/2007,0.16
5/21/2007,0.171818
5/22/2007,0.170909
5/23/2007,0.170909
5/24/2007,0.171818
5/25/2007,0.171818
5/28/2007,0.168181
5/29/2007,0.168181
5/30/2007,0.166363
5/31/2007,0.166363
6/1/2007,0.163636
6/4/2007,0.171818
6/5/2007,0.161818
6/6/2007,0.165454
6/7/2007,0.174545
6/8/2007,0.173636
6/11/2007,0.177272
6/12/2007,0.187272
6/13/2007,0.198181
6/14/2007,0.194545
6/15/2007,0.181818
6/18/2007,0.181818
6/19/2007,0.175454
6/20/2007,0.176363
6/21/2007,0.18
6/22/2007,0.18
6/25/2007,0.18
6/26/2007,0.18
6/27/2007,0.178181
6/28/2007,0.173636
6/29/2007,0.18
7/2/2007,0.176363
7/3/2007,0.178181
7/4/2007,0.178181
7/5/2007,0.178181
7/6/2007,0.178181
7/9/2007,0.178181
7/10/2007,0.174545
7/11/2007,0.177272
7/12/2007,0.181818
7/13/2007,0.17909
7/16/2007,0.185454
7/17/2007,0.183636
7/18/2007,0.181818
7/19/2007,0.18
7/20/2007,0.183636
7/23/2007,0.192727
7/24/2007,0.194545
7/25/2007,0.187272
7/26/2007,0.187272
7/27/2007,0.185454
7/30/2007,0.187272
7/31/2007,0.187272
8/1/2007,0.183636
8/2/2007,0.181818
8/3/2007,0.178181
8/6/2007,0.183636
8/7/2007,0.18
8/8/2007,0.180909
8/9/2007,0.181818
8/10/2007,0.174545
8/13/2007,0.174545
8/14/2007,0.172727
8/15/2007,0.170909
8/16/2007,0.163636
8/17/2007,0.167272
8/20/2007,0.176363
8/21/2007,0.167272
8/22/2007,0.170909
8/23/2007,0.174545
8/24/2007,0.177272
8/27/2007,0.170909
8/28/2007,0.170909
8/29/2007,0.16909
8/30/2007,0.172727
9/3/2007,0.165454
9/4/2007,0.167272
9/5/2007,0.172727
9/6/2007,0.171818
9/7/2007,0.172727
9/10/2007,0.163636
9/11/2007,0.167272
9/12/2007,0.165454
9/13/2007,0.165454
9/14/2007,0.164545
9/17/2007,0.161818
9/18/2007,0.161818
9/19/2007,0.168181
9/20/2007,0.168181
9/21/2007,0.177272
9/24/2007,0.16909
9/25/2007,0.18909
9/26/2007,0.185454
9/27/2007,0.187272
9/28/2007,0.178181
10/1/2007,0.174545
10/2/2007,0.178181
10/3/2007,0.176363
10/4/2007,0.180909
10/5/2007,0.178181
10/8/2007,0.178181
10/9/2007,0.172727
10/10/2007,0.18
10/11/2007,0.180909
10/12/2007,0.187272
10/16/2007,0.185454
10/17/2007,0.218181
10/18/2007,0.272727
10/19/2007,0.26
10/22/2007,0.241818
10/23/2007,0.272727
10/24/2007,0.281818
10/25/2007,0.285454
10/26/2007,0.316363
10/29/2007,0.325454
10/30/2007,0.307272
10/31/2007,0.292727
11/1/2007,0.292727
11/2/2007,0.281818
11/5/2007,0.263636
11/6/2007,0.272727
11/7/2007,0.3
11/9/2007,0.294545
11/12/2007,0.287272
11/13/2007,0.285454
11/14/2007,0.281818
11/15/2007,0.270909
11/16/2007,0.26909
11/19/2007,0.258181
11/20/2007,0.254545
11/21/2007,0.245454
11/22/2007,0.24
11/23/2007,0.241818
11/26/2007,0.241818
11/27/2007,0.24
11/28/2007,0.24
11/29/2007,0.245454
11/30/2007,0.241818
12/3/2007,0.241818
12/4/2007,0.243636
12/5/2007,0.243636
12/6/2007,0.245454
12/7/2007,0.243636
12/10/2007,0.245454
12/11/2007,0.238181
12/12/2007,0.24
12/13/2007,0.24
12/14/2007,0.241818
12/17/2007,0.24
12/18/2007,0.236363
12/19/2007,0.230909
12/21/2007,0.234545
12/24/2007,0.230909
12/26/2007,0.24
12/27/2007,0.24
12/28/2007,0.24
12/31/2007,0.250909
1/2/2008,0.24909
1/3/2008,0.254545
1/4/2008,0.270909
1/7/2008,0.28
1/8/2008,0.285454
1/9/2008,0.290909
1/11/2008,0.290909
1/14/2008,0.290909
1/15/2008,0.3
1/16/2008,0.28909
1/17/2008,0.290909
1/18/2008,0.285454
1/21/2008,0.270909
1/22/2008,0.236363
1/23/2008,null
1/24/2008,0.247272
1/25/2008,0.250909
1/28/2008,0.243636
1/29/2008,0.241818
1/30/2008,0.232727
1/31/2008,0.230909
2/4/2008,0.243636
2/5/2008,0.254545
2/6/2008,0.245454
2/11/2008,0.245454
2/12/2008,0.24909
2/13/2008,0.236363
2/14/2008,0.243636
2/15/2008,0.241818
2/18/2008,null
2/19/2008,0.241818
2/20/2008,0.236363
2/21/2008,0.236363
2/22/2008,0.227272
2/25/2008,0.232727
2/26/2008,0.234545
2/27/2008,0.232727
2/28/2008,0.234545
2/29/2008,0.234545
3/3/2008,0.238181
3/4/2008,null
3/5/2008,null
3/6/2008,0.230909
3/7/2008,0.230909
3/10/2008,0.181818
3/11/2008,0.216363
3/12/2008,0.212727
3/13/2008,0.205454
3/14/2008,0.196363
3/17/2008,0.18909
3/18/2008,0.198181
3/19/2008,0.198181
3/21/2008,0.194545
3/24/2008,0.198181
3/25/2008,0.2
3/26/2008,0.201818
3/27/2008,0.2
3/28/2008,0.214545
3/31/2008,0.225454
4/1/2008,0.221818
4/2/2008,0.212727
4/3/2008,0.2
4/4/2008,0.194545
4/7/2008,0.205454
4/8/2008,0.205454
4/9/2008,0.207272
4/10/2008,0.214545
4/11/2008,0.207272
4/14/2008,0.203636
4/15/2008,0.203636
4/16/2008,0.216363
4/17/2008,0.216363
4/18/2008,0.218181
4/21/2008,0.218181
4/22/2008,0.214545
4/23/2008,0.214545
4/24/2008,0.223636
4/25/2008,0.216363
4/28/2008,0.214545
4/29/2008,0.22
4/30/2008,0.218181
5/2/2008,0.223636
5/5/2008,0.22
5/6/2008,0.221818
5/7/2008,0.221818
5/8/2008,0.221818
5/9/2008,0.223636
5/12/2008,0.236363
5/13/2008,0.22909
5/14/2008,0.227272
5/15/2008,0.227272
5/16/2008,0.236363
5/20/2008,0.227272
5/21/2008,0.227272
5/22/2008,0.223636
5/23/2008,0.227272
5/26/2008,0.221818
5/27/2008,0.216363
5/28/2008,0.212727
5/29/2008,0.218181
5/30/2008,0.216363
6/2/2008,0.210909
6/3/2008,0.212727
6/4/2008,0.212727
6/5/2008,0.210909
6/6/2008,0.214545
6/9/2008,0.20909
6/10/2008,0.20909
6/11/2008,0.203636
6/12/2008,null
6/13/2008,0.203636
6/16/2008,0.212727
6/17/2008,0.214545
6/18/2008,0.210909
6/19/2008,0.196363
6/20/2008,0.207272
6/23/2008,0.218181
6/24/2008,null
6/25/2008,0.210909
6/26/2008,null
6/27/2008,0.194545
6/30/2008,null
7/1/2008,0.210909
7/2/2008,null
7/3/2008,null
7/4/2008,0.196363
7/7/2008,0.18909
7/8/2008,0.18909
7/9/2008,0.181818
7/10/2008,0.190909
7/11/2008,0.181818
7/14/2008,0.18
7/15/2008,null
7/16/2008,0.181818
7/17/2008,0.178181
7/18/2008,0.170909
7/21/2008,0.170909
7/22/2008,null
7/23/2008,0.173636
7/24/2008,0.17909
7/25/2008,0.178181
7/28/2008,null
7/29/2008,0.196363
7/30/2008,0.183636
7/31/2008,0.178181
8/1/2008,0.178181
8/4/2008,0.181818
8/5/2008,0.181818
8/6/2008,0.174545
8/7/2008,0.190909
8/8/2008,null
8/11/2008,null
8/12/2008,0.18909
8/13/2008,0.18
8/14/2008,null
8/15/2008,null
8/18/2008,null
8/19/2008,0.167272
8/20/2008,null
8/21/2008,0.183636
8/22/2008,0.185454
8/25/2008,0.16909
8/26/2008,0.187272
8/27/2008,null
8/28/2008,null
8/29/2008,null
9/1/2008,null
9/2/2008,null
9/3/2008,0.16909
9/4/2008,null
9/5/2008,0.183636
9/8/2008,0.16909
9/9/2008,0.165454
9/10/2008,null
9/11/2008,0.16
9/12/2008,0.161818
9/15/2008,0.156363
9/16/2008,null
9/17/2008,0.152727
9/18/2008,0.194545
9/19/2008,null
9/22/2008,null
9/23/2008,null
9/24/2008,null
9/25/2008,null
9/26/2008,null
9/29/2008,null
9/30/2008,null
10/3/2008,null
10/6/2008,null
10/7/2008,null
10/8/2008,null
10/9/2008,null
10/10/2008,0.181818
10/13/2008,0.181818
10/14/2008,null
10/15/2008,0.181818
10/16/2008,0.15
10/17/2008,0.147272
10/20/2008,0.145454
10/21/2008,0.14909
10/22/2008,0.143636
10/23/2008,0.143636
10/24/2008,0.145454
10/28/2008,0.143636
10/29/2008,0.143636
10/30/2008,0.185454
10/31/2008,0.14909
11/3/2008,0.148181
11/4/2008,0.157272
11/5/2008,0.154545
11/6/2008,0.145454
11/7/2008,0.145454
11/10/2008,0.16
11/11/2008,null
11/12/2008,0.145454
11/13/2008,0.143636
11/14/2008,0.141818
11/17/2008,0.158181
11/18/2008,null
11/19/2008,0.152727
11/20/2008,0.152727
11/21/2008,null
11/24/2008,null
11/25/2008,0.163636
11/26/2008,0.145454
11/27/2008,0.158181
11/28/2008,0.14909
12/1/2008,null
12/2/2008,0.138181
12/3/2008,0.14
12/4/2008,0.14
12/5/2008,0.150909
12/9/2008,null
12/10/2008,null
12/11/2008,null
12/12/2008,0.145454
12/15/2008,null
12/16/2008,0.141818
12/17/2008,0.141818
12/18/2008,0.142727
12/19/2008,0.143636
12/22/2008,0.145454
12/23/2008,0.145454
12/24/2008,null
12/26/2008,0.154545
12/30/2008,null
12/31/2008,null
1/2/2009,0.163636
1/5/2009,0.145454
1/6/2009,0.163636
1/7/2009,0.167272
1/8/2009,null
1/9/2009,0.172727
1/12/2009,null
1/13/2009,null
1/14/2009,0.162727
1/15/2009,0.16
1/16/2009,null
1/19/2009,null
1/20/2009,0.16
1/21/2009,null
1/22/2009,0.181818
1/23/2009,null
1/28/2009,null
1/29/2009,null
1/30/2009,0.154545
2/3/2009,0.165454
2/4/2009,null
2/5/2009,null
2/6/2009,0.163636
2/11/2009,null
2/12/2009,0.163636
2/13/2009,null
2/16/2009,null
2/17/2009,0.165454
2/18/2009,0.178181
2/19/2009,0.165454
2/20/2009,null
2/23/2009,null
2/24/2009,null
2/25/2009,0.165454
2/26/2009,null
2/27/2009,null
3/2/2009,null
3/3/2009,null
3/4/2009,0.161818
3/5/2009,0.161818
3/6/2009,0.161818
3/9/2009,null
3/10/2009,null
3/11/2009,null
3/12/2009,0.161818
3/13/2009,0.161818
3/16/2009,0.161818
3/17/2009,0.161818
3/18/2009,0.16
3/19/2009,0.16
3/20/2009,null
3/23/2009,0.16909
3/24/2009,null
3/25/2009,0.161818
3/26/2009,null
3/27/2009,0.167272
3/30/2009,null
3/31/2009,null
4/1/2009,0.174545
4/2/2009,0.174545
4/3/2009,0.172727
4/6/2009,0.172727
4/7/2009,null
4/8/2009,0.167272
4/9/2009,null
4/10/2009,0.16909
4/13/2009,0.172727
4/14/2009,0.172727
4/15/2009,0.172727
4/16/2009,0.172727
4/17/2009,0.181818
4/20/2009,0.172727
4/21/2009,0.163636
4/22/2009,null
4/23/2009,0.164545
4/24/2009,0.181818
4/27/2009,null
4/28/2009,0.163636
4/29/2009,0.163636
4/30/2009,0.166363
5/4/2009,0.16909
5/5/2009,0.174545
5/6/2009,0.181818
5/7/2009,0.183636
5/8/2009,0.185454
5/11/2009,0.185454
5/12/2009,0.172727
5/13/2009,null
5/14/2009,null
5/15/2009,0.174545
5/18/2009,null
5/19/2009,null
5/20/2009,null
5/21/2009,0.172727
5/22/2009,0.167272
5/25/2009,0.165454
5/26/2009,null
5/27/2009,0.181818
5/28/2009,null
5/29/2009,0.187272
6/1/2009,null
6/2/2009,0.181818
6/3/2009,0.183636
6/4/2009,0.181818
6/5/2009,0.203636
6/8/2009,0.2
6/9/2009,0.198181
6/10/2009,0.205454
6/11/2009,0.203636
6/12/2009,0.2
6/15/2009,0.194545
6/16/2009,0.196363
6/17/2009,0.187272
6/18/2009,0.181818
6/19/2009,0.181818
6/22/2009,null
6/23/2009,0.170909
6/24/2009,null
6/25/2009,null
6/26/2009,null
6/29/2009,null
6/30/2009,0.196363
7/1/2009,null
7/2/2009,null
7/3/2009,null
7/6/2009,0.194545
7/7/2009,0.196363
7/8/2009,null
7/9/2009,0.173636
7/10/2009,0.181818
7/13/2009,null
7/14/2009,null
7/15/2009,null
7/16/2009,0.181818
7/17/2009,null
7/20/2009,0.174545
7/21/2009,0.187272
7/22/2009,0.181818
7/23/2009,0.187272
7/24/2009,0.185454
7/27/2009,0.18909
7/28/2009,0.18
7/29/2009,0.181818
7/30/2009,0.190909
7/31/2009,0.185454
8/3/2009,0.185454
8/4/2009,0.185454
8/5/2009,0.185454
8/6/2009,0.187272
8/7/2009,0.185454
8/10/2009,0.187272
8/11/2009,0.187272
8/12/2009,0.166363
8/13/2009,0.187272
8/14/2009,0.190909
8/17/2009,0.187272
8/18/2009,0.181818
8/19/2009,0.18909
8/20/2009,null
8/21/2009,0.183636
8/24/2009,0.185454
8/25/2009,0.183636
8/26/2009,0.187272
8/27/2009,null
8/28/2009,0.190909
9/1/2009,0.190909
9/2/2009,0.181818
9/3/2009,0.183636
9/4/2009,0.190909
9/7/2009,null
9/8/2009,0.181818
9/9/2009,0.185454
9/10/2009,0.198181
9/11/2009,0.18909
9/14/2009,0.18909
9/15/2009,null
9/16/2009,null
9/17/2009,0.190909
9/18/2009,0.2
9/23/2009,null
9/24/2009,null
9/25/2009,null
9/28/2009,null
9/29/2009,null
9/30/2009,0.185454
10/1/2009,0.196363
10/2/2009,null
10/5/2009,null
10/6/2009,0.183636
10/7/2009,0.183636
10/8/2009,0.185454
10/9/2009,0.185454
10/12/2009,null
10/13/2009,0.185454
10/14/2009,0.185454
10/15/2009,0.185454
10/16/2009,null
10/19/2009,0.187272
10/20/2009,0.185454
10/21/2009,null
10/22/2009,0.185454
10/23/2009,0.183636
10/26/2009,0.181818
10/27/2009,0.183636
10/28/2009,0.181818
10/29/2009,0.183636
10/30/2009,0.181818
11/2/2009,0.181818
11/3/2009,null
11/4/2009,0.181818
11/5/2009,0.181818
11/6/2009,0.181818
11/9/2009,0.181818
11/10/2009,null
11/11/2009,0.181818
11/12/2009,null
11/13/2009,0.181818
11/16/2009,0.183636
11/17/2009,null
11/18/2009,0.181818
11/19/2009,0.181818
11/20/2009,null
11/23/2009,null
11/24/2009,0.185454
11/25/2009,0.183636
11/26/2009,0.183636
11/30/2009,0.181818
12/1/2009,null
12/2/2009,null
12/3/2009,null
12/4/2009,0.181818
12/7/2009,0.2
12/8/2009,0.203636
12/9/2009,null
12/10/2009,null
12/11/2009,null
12/14/2009,null
12/15/2009,null
12/16/2009,0.196363
12/17/2009,null
12/21/2009,0.181818
12/22/2009,null
12/23/2009,null
12/24/2009,null
12/28/2009,null
12/29/2009,0.181818
12/30/2009,null
12/31/2009,null
1/4/2010,null
1/5/2010,0.181818
1/6/2010,0.181818
1/7/2010,0.181818
1/8/2010,null
1/11/2010,null
1/12/2010,0.181818
1/13/2010,null
1/14/2010,0.183636
1/15/2010,0.183636
1/18/2010,0.181818
1/19/2010,0.181818
1/20/2010,0.190909
1/21/2010,null
1/22/2010,null
1/25/2010,null
1/26/2010,0.181818
1/27/2010,0.181818
1/28/2010,0.181818
1/29/2010,0.181818
2/2/2010,0.196363
2/3/2010,0.185454
2/4/2010,0.183636
2/5/2010,0.181818
2/8/2010,0.181818
2/9/2010,null
2/10/2010,null
2/11/2010,0.181818
2/12/2010,0.2
2/17/2010,null
2/18/2010,null
2/19/2010,null
2/22/2010,null
2/23/2010,null
2/24/2010,0.181818
2/25/2010,0.185454
3/1/2010,null
3/2/2010,0.185454
3/3/2010,0.181818
3/4/2010,0.185454
3/5/2010,0.2
3/8/2010,null
3/9/2010,0.187272
3/10/2010,0.187272
3/11/2010,0.190909
3/12/2010,0.187272
3/15/2010,0.185454
3/16/2010,0.185454
3/17/2010,0.185454
3/18/2010,null
3/19/2010,null
3/22/2010,0.181818
3/23/2010,0.183636
3/24/2010,0.181818
3/25/2010,0.181818
3/26/2010,0.181818
3/29/2010,0.181818
3/30/2010,0.183636
3/31/2010,0.181818
4/1/2010,0.18
4/2/2010,null
4/5/2010,0.181818
4/6/2010,0.181818
4/7/2010,0.181818
4/8/2010,0.181818
4/9/2010,null
4/12/2010,0.181818
4/13/2010,0.181818
4/14/2010,0.181818
4/15/2010,0.181818
4/16/2010,0.18
4/19/2010,0.181818
4/20/2010,0.181818
4/21/2010,0.181818
4/22/2010,0.181818
4/23/2010,0.183636
4/26/2010,0.181818
4/27/2010,0.181818
4/28/2010,0.181818
4/29/2010,null
4/30/2010,0.183636
5/3/2010,null
5/4/2010,0.181818
5/5/2010,null
5/6/2010,0.181818
5/7/2010,null
5/10/2010,null
5/11/2010,0.17909
5/12/2010,null
5/13/2010,null
5/14/2010,0.181818
5/17/2010,null
5/18/2010,null
5/19/2010,0.178181
5/20/2010,null
5/21/2010,null
5/24/2010,null
5/25/2010,0.174545
5/26/2010,null
5/27/2010,null
5/31/2010,null
6/1/2010,null
6/2/2010,null
6/3/2010,0.174545
6/4/2010,null
6/7/2010,0.16909
6/8/2010,0.16909
6/9/2010,null
6/10/2010,0.170909
6/11/2010,0.167272
6/14/2010,null
6/15/2010,null
6/16/2010,null
6/17/2010,null
6/18/2010,0.180909
6/21/2010,0.18
6/22/2010,0.181818
6/23/2010,0.181818
6/24/2010,0.178181
6/25/2010,0.181818
6/28/2010,0.181818
6/29/2010,null
6/30/2010,null
7/1/2010,null
7/2/2010,0.165454
7/5/2010,null
7/6/2010,null
7/7/2010,null
7/8/2010,null
7/9/2010,null
7/12/2010,null
7/13/2010,null
7/14/2010,null
7/15/2010,null
7/16/2010,null
7/19/2010,null
7/20/2010,null
7/21/2010,null
7/22/2010,0.165454
7/23/2010,null
7/26/2010,null
7/27/2010,null
7/28/2010,0.183636
7/29/2010,0.181818
7/30/2010,0.181818
8/2/2010,0.181818
8/3/2010,0.181818
8/4/2010,null
8/5/2010,0.187272
8/6/2010,null
8/9/2010,null
8/10/2010,0.181818
8/11/2010,null
8/12/2010,0.178181
8/13/2010,null
8/16/2010,0.181818
8/17/2010,null
8/18/2010,null
8/19/2010,null
8/20/2010,null
8/23/2010,0.18
8/24/2010,0.18
8/25/2010,0.178181
8/26/2010,null
8/27/2010,0.181818
8/30/2010,null
9/1/2010,null
9/2/2010,0.172727
9/3/2010,null
9/6/2010,0.176363
9/7/2010,null
9/8/2010,0.183636
9/9/2010,null
9/13/2010,0.174545
9/14/2010,null
9/15/2010,0.176363
9/17/2010,0.176363
9/20/2010,0.176363
9/21/2010,null
9/22/2010,null
9/23/2010,0.176363
9/24/2010,null
9/27/2010,0.174545
9/28/2010,0.170909
9/29/2010,0.16909
9/30/2010,null
10/1/2010,null
10/4/2010,0.167272
10/5/2010,null
10/6/2010,0.165454
10/7/2010,0.198181
10/8/2010,0.167272
10/11/2010,0.168181
10/12/2010,0.16909
10/13/2010,0.176363
10/14/2010,0.18
10/15/2010,null
10/18/2010,0.172727
10/19/2010,null
10/20/2010,0.167272
10/21/2010,null
10/22/2010,0.187272
10/25/2010,0.194545
10/26/2010,0.20909
10/27/2010,0.203636
10/28/2010,0.196363
10/29/2010,0.198181
11/1/2010,0.18909
11/2/2010,null
11/3/2010,null
11/4/2010,0.190909
11/8/2010,0.192727
11/9/2010,0.203636
11/10/2010,0.203636
11/11/2010,0.207272
11/12/2010,0.198181
11/15/2010,0.205454
11/16/2010,0.20909
11/18/2010,0.203636
11/19/2010,0.205454
11/22/2010,null
11/23/2010,0.192727
11/24/2010,0.201818
11/25/2010,0.192727
11/26/2010,0.198181
11/29/2010,0.2
11/30/2010,0.2
12/1/2010,null
12/2/2010,null
12/3/2010,0.207272
12/6/2010,0.201818
12/8/2010,0.214545
12/9/2010,0.232727
12/10/2010,0.232727
12/13/2010,0.22909
12/14/2010,0.236363
12/15/2010,0.230909
12/16/2010,0.234545
12/17/2010,0.236363
12/20/2010,0.227272
12/21/2010,0.223636
12/22/2010,0.223636
12/23/2010,0.221818
12/24/2010,0.218181
12/27/2010,0.227272
12/28/2010,0.22
12/29/2010,0.218181
12/30/2010,0.221818
12/31/2010,0.221818
1/3/2011,0.234545
1/4/2011,0.236363
1/5/2011,0.245454
1/6/2011,0.24909
1/7/2011,0.247272
1/10/2011,0.245454
1/11/2011,0.243636
1/12/2011,0.247272
1/13/2011,0.243636
1/14/2011,0.241818
1/17/2011,0.236363
1/18/2011,0.225454
1/19/2011,0.230909
1/21/2011,0.230909
1/24/2011,0.230909
1/25/2011,0.227272
1/26/2011,0.22909
1/27/2011,0.22909
1/28/2011,0.22909
1/31/2011,0.22909
2/2/2011,0.232727
2/7/2011,0.232727
2/8/2011,0.236363
2/9/2011,0.250909
2/10/2011,0.24
2/11/2011,0.238181
2/14/2011,0.238181
2/16/2011,0.232727
2/17/2011,0.234545
2/18/2011,0.230909
2/21/2011,0.22909
2/22/2011,0.216363
2/23/2011,0.214545
2/24/2011,0.203636
2/25/2011,0.221818
2/28/2011,0.205454
3/1/2011,0.210909
3/2/2011,0.2
3/3/2011,0.2
3/4/2011,0.20909
3/7/2011,0.2
3/8/2011,0.2
3/9/2011,0.2
3/10/2011,0.2
3/11/2011,0.194545
3/14/2011,0.207272
3/15/2011,0.194545
3/16/2011,0.190909
3/17/2011,0.190909
3/18/2011,0.2
3/21/2011,0.2
3/22/2011,0.218181
3/23/2011,0.214545
3/24/2011,0.210909
3/25/2011,0.218181
3/28/2011,0.218181
3/29/2011,0.223636
3/30/2011,0.223636
3/31/2011,0.218181
4/1/2011,0.218181
4/4/2011,0.218181
4/5/2011,0.218181
4/6/2011,0.218181
4/7/2011,0.225454
4/8/2011,0.221818
4/11/2011,0.221818
4/12/2011,0.221818
4/13/2011,0.221818
4/14/2011,0.20909
4/15/2011,0.218181
4/18/2011,0.218181
4/19/2011,0.218181
4/20/2011,0.218181
4/21/2011,0.218181
4/22/2011,0.218181
4/25/2011,0.218181
4/26/2011,0.198181
4/27/2011,0.198181
4/28/2011,0.218181
4/29/2011,0.203636
5/3/2011,0.203636
5/4/2011,0.207272
5/5/2011,0.207272
5/6/2011,0.207272
5/9/2011,0.207272
5/10/2011,0.207272
5/11/2011,0.216363
5/12/2011,0.216363
5/13/2011,0.216363
5/16/2011,0.216363
5/18/2011,0.207272
5/19/2011,0.207272
5/20/2011,0.207272
5/23/2011,0.207272
5/24/2011,0.207272
5/25/2011,0.207272
5/26/2011,0.207272
5/27/2011,0.216363
5/30/2011,0.216363
5/31/2011,0.214545
6/1/2011,0.214545
6/2/2011,0.214545
6/3/2011,0.214545
6/6/2011,0.214545
6/7/2011,0.214545
6/8/2011,0.22
6/9/2011,0.218181
6/10/2011,0.225454
6/13/2011,0.227272
6/14/2011,0.227272
6/15/2011,0.214545
6/16/2011,0.216363
6/17/2011,0.232727
6/20/2011,0.227272
6/21/2011,0.227272
6/22/2011,0.227272
6/23/2011,0.227272
6/24/2011,0.227272
6/27/2011,0.216363
6/28/2011,0.212727
6/29/2011,0.214545
6/30/2011,0.223636
7/1/2011,0.223636
7/4/2011,0.223636
7/5/2011,0.223636
7/6/2011,0.216363
7/7/2011,0.216363
7/8/2011,0.216363
7/11/2011,0.216363
7/12/2011,0.216363
7/13/2011,0.216363
7/14/2011,0.20909
7/15/2011,0.20909
7/18/2011,0.20909
7/19/2011,0.20909
7/20/2011,0.20909
7/21/2011,0.207272
7/22/2011,0.207272
7/25/2011,0.207272
7/26/2011,0.207272
7/27/2011,0.207272
7/28/2011,0.207272
7/29/2011,0.207272
8/1/2011,0.2
8/2/2011,0.2
8/3/2011,0.2
8/4/2011,0.2
8/5/2011,0.2
8/8/2011,0.2
8/9/2011,0.2
8/10/2011,0.201818
8/11/2011,0.218181
8/12/2011,0.218181
8/15/2011,0.218181
8/16/2011,0.218181
8/17/2011,0.218181
8/18/2011,0.218181
8/19/2011,0.218181
8/22/2011,0.218181
8/23/2011,0.218181
8/24/2011,0.221818
8/25/2011,0.221818
8/26/2011,0.221818
8/29/2011,0.221818
9/2/2011,0.196363
9/5/2011,0.20909
9/6/2011,0.20909
9/7/2011,0.20909
9/8/2011,0.196363
9/9/2011,0.207272
9/12/2011,0.218181
9/13/2011,0.223636
9/14/2011,0.205454
9/15/2011,0.203636
9/20/2011,0.203636
9/21/2011,0.203636
9/22/2011,0.2
9/23/2011,0.187272
9/26/2011,0.187272
9/27/2011,0.185454
9/28/2011,0.185454
9/29/2011,0.185454
9/30/2011,0.185454
10/3/2011,0.185454
10/4/2011,0.185454
10/5/2011,0.2
10/6/2011,0.207272
10/7/2011,0.210909
10/10/2011,0.212727
10/11/2011,0.212727
10/12/2011,0.22
10/13/2011,0.230909
10/14/2011,0.238181
10/17/2011,0.238181
10/18/2011,0.238181
10/19/2011,0.238181
10/20/2011,0.236363
10/21/2011,0.236363
10/24/2011,0.232727
10/25/2011,0.234545
10/27/2011,0.230909
10/28/2011,0.230909
10/31/2011,0.232727
11/1/2011,0.22909
11/2/2011,0.22909
11/3/2011,0.227272
11/4/2011,0.227272
11/8/2011,0.227272
11/9/2011,0.227272
11/10/2011,0.22909
11/11/2011,0.225454
11/14/2011,0.22909
11/15/2011,0.227272
11/16/2011,0.223636
11/17/2011,0.221818
11/18/2011,0.227272
11/21/2011,0.223636
11/22/2011,0.225454
11/23/2011,0.22909
11/24/2011,0.24
11/25/2011,0.24
11/29/2011,0.236363
11/30/2011,0.236363
12/1/2011,0.234545
12/2/2011,0.230909
12/5/2011,0.234545
12/6/2011,0.232727
12/7/2011,0.234545
12/8/2011,0.245454
12/9/2011,0.258181
12/12/2011,0.270909
12/13/2011,0.26909
12/14/2011,0.250909
12/15/2011,0.247272
12/16/2011,0.24909
12/19/2011,0.24909
12/20/2011,0.241818
12/21/2011,0.245454
12/22/2011,0.247272
12/23/2011,0.236363
12/27/2011,0.234545
12/28/2011,0.238181
12/29/2011,0.236363
12/30/2011,0.24
1/3/2012,0.24
1/4/2012,0.236363
1/5/2012,0.24
1/6/2012,0.232727
1/9/2012,0.234545
1/10/2012,0.22909
1/11/2012,0.236363
1/12/2012,0.230909
1/13/2012,0.238181
1/16/2012,0.232727
1/17/2012,0.238181
1/18/2012,0.234545
1/19/2012,0.24
1/20/2012,0.243636
1/25/2012,0.243636
1/26/2012,0.245454
1/27/2012,0.241818
1/30/2012,0.236363
1/31/2012,0.236363
2/2/2012,0.245454
2/3/2012,0.241818
2/8/2012,0.24
2/9/2012,0.238181
2/10/2012,0.236363
2/13/2012,0.230909
2/14/2012,0.234545
2/15/2012,0.234545
2/16/2012,0.22909
2/17/2012,0.234545
2/20/2012,0.230909
2/21/2012,0.225454
2/22/2012,0.225454
2/23/2012,0.225454
2/24/2012,0.225454
2/27/2012,0.234545
2/28/2012,0.234545
2/29/2012,0.234545
3/1/2012,0.234545
3/2/2012,0.223636
3/5/2012,0.223636
3/6/2012,0.223636
3/7/2012,0.223636
3/8/2012,0.223636
3/9/2012,0.230909
3/12/2012,0.230909
3/13/2012,0.227272
3/14/2012,0.225454
3/15/2012,0.223636
3/16/2012,0.223636
3/19/2012,0.22909
3/20/2012,0.223636
3/21/2012,0.22
3/22/2012,0.22
3/23/2012,0.22
3/26/2012,0.221818
3/27/2012,0.225454
3/28/2012,0.225454
3/29/2012,0.225454
3/30/2012,0.225454
4/2/2012,0.225454
4/3/2012,0.22
4/4/2012,0.22
4/5/2012,0.22
4/6/2012,0.218181
4/9/2012,0.218181
4/10/2012,0.218181
4/12/2012,0.218181
4/13/2012,0.218181
4/16/2012,0.227272
4/17/2012,0.216363
4/18/2012,0.216363
4/19/2012,0.216363
4/20/2012,0.216363
4/23/2012,0.216363
4/24/2012,0.214545
4/25/2012,0.212727
4/26/2012,0.210909
4/27/2012,0.210909
4/30/2012,0.210909
5/2/2012,0.210909
5/3/2012,0.20909
5/4/2012,0.218181
5/7/2012,0.20909
5/8/2012,0.20909
5/9/2012,0.20909
5/10/2012,0.20909
5/11/2012,0.207272
5/14/2012,0.218181
5/15/2012,0.218181
5/16/2012,0.205454
5/17/2012,0.205454
5/18/2012,0.205454
5/21/2012,0.205454
5/22/2012,0.205454
5/23/2012,0.205454
5/24/2012,0.205454
5/25/2012,0.203636
5/28/2012,0.212727
5/29/2012,0.212727
5/30/2012,0.205454
5/31/2012,0.205454
6/1/2012,0.212727
6/4/2012,0.218181
6/5/2012,0.218181
6/6/2012,0.223636
6/7/2012,0.223636
6/8/2012,0.227272
6/11/2012,0.227272
6/12/2012,0.227272
6/13/2012,0.227272
6/14/2012,0.227272
6/15/2012,0.227272
6/18/2012,0.227272
6/19/2012,0.227272
6/20/2012,0.227272
6/21/2012,0.227272
6/22/2012,0.22909
6/25/2012,0.22909
6/26/2012,0.22909
6/27/2012,0.236363
6/28/2012,0.236363
6/29/2012,0.236363
7/2/2012,0.236363
7/3/2012,0.236363
7/4/2012,0.236363
7/5/2012,0.236363
7/6/2012,0.236363
7/9/2012,0.236363
7/10/2012,0.232727
7/11/2012,0.22909
7/12/2012,0.22909
7/13/2012,0.22909
7/16/2012,0.22909
7/17/2012,0.234545
7/18/2012,0.223636
7/19/2012,0.232727
7/20/2012,0.232727
7/23/2012,0.232727
7/24/2012,0.232727
7/25/2012,0.232727
7/26/2012,0.232727
7/27/2012,0.22
7/30/2012,0.22
7/31/2012,0.22
8/1/2012,0.22
8/2/2012,0.22
8/3/2012,0.221818
8/6/2012,0.221818
8/7/2012,0.221818
8/8/2012,0.221818
8/9/2012,0.221818
8/10/2012,0.221818
8/13/2012,0.221818
8/14/2012,0.221818
8/15/2012,0.221818
8/16/2012,0.22
8/17/2012,0.22
8/22/2012,0.22
8/23/2012,0.22
8/24/2012,0.218181
8/27/2012,0.22
8/28/2012,0.22
8/29/2012,0.22
8/30/2012,0.218181
9/3/2012,0.218181
9/4/2012,0.218181
9/5/2012,0.218181
9/6/2012,0.216363
9/7/2012,0.216363
9/10/2012,0.216363
9/11/2012,0.214545
9/12/2012,0.214545
9/13/2012,0.214545
9/14/2012,0.214545
9/18/2012,0.214545
9/19/2012,0.214545
9/20/2012,0.214545
9/21/2012,0.214545
9/24/2012,0.210909
9/25/2012,0.210909
9/26/2012,0.210909
9/27/2012,0.210909
9/28/2012,0.210909
10/1/2012,0.221818
10/2/2012,0.221818
10/3/2012,0.221818
10/4/2012,0.221818
10/5/2012,0.221818
10/8/2012,0.221818
10/9/2012,0.207272
10/10/2012,0.207272
10/11/2012,0.207272
10/12/2012,0.207272
10/15/2012,0.207272
10/16/2012,0.205454
10/17/2012,0.218181
10/18/2012,0.207272
10/19/2012,0.216363
10/22/2012,0.216363
10/23/2012,0.216363
10/24/2012,0.216363
10/25/2012,0.216363
10/29/2012,0.216363
10/30/2012,0.216363
10/31/2012,0.216363
11/1/2012,0.216363
11/2/2012,0.216363
11/5/2012,0.216363
11/6/2012,0.205454
11/7/2012,0.205454
11/8/2012,0.205454
11/9/2012,0.205454
11/12/2012,0.196363
11/14/2012,0.203636
11/16/2012,0.203636
11/19/2012,0.203636
11/20/2012,0.203636
11/21/2012,0.203636
11/22/2012,0.203636
11/23/2012,0.218181
11/26/2012,0.207272
11/27/2012,0.207272
11/28/2012,0.205454
11/29/2012,0.218181
11/30/2012,0.218181
12/3/2012,0.218181
12/4/2012,0.20909
12/5/2012,0.20909
12/6/2012,0.20909
12/7/2012,0.218181
12/10/2012,0.218181
12/11/2012,0.218181
12/12/2012,0.20909
12/13/2012,0.207272
12/14/2012,0.207272
12/17/2012,0.218181
12/18/2012,0.218181
12/19/2012,0.218181
12/20/2012,0.218181
12/21/2012,0.218181
12/24/2012,0.218181
12/26/2012,0.218181
12/27/2012,0.218181
12/28/2012,0.218181
12/31/2012,0.218181
1/2/2013,0.218181
1/3/2013,0.20909
1/4/2013,0.20909
1/7/2013,0.207272
1/8/2013,0.207272
1/9/2013,0.203636
1/10/2013,0.218181
1/11/2013,0.218181
1/14/2013,0.218181
1/15/2013,0.221818
1/16/2013,0.221818
1/17/2013,0.221818
1/18/2013,0.221818
1/21/2013,0.221818
1/22/2013,0.221818
1/23/2013,0.221818
1/25/2013,0.221818
1/29/2013,0.205454
1/30/2013,0.223636
1/31/2013,0.223636
2/4/2013,0.223636
2/5/2013,0.223636
2/6/2013,0.223636
2/7/2013,0.225454
2/8/2013,0.225454
2/13/2013,0.225454
2/14/2013,0.20909
2/15/2013,0.20909
2/18/2013,0.20909
2/19/2013,0.20909
2/20/2013,0.214545
2/21/2013,0.20909
2/22/2013,0.20909
2/25/2013,0.207272
2/26/2013,0.214545
2/27/2013,0.214545
2/28/2013,0.214545
3/1/2013,0.214545
3/4/2013,0.214545
3/5/2013,0.214545
3/6/2013,0.214545
3/7/2013,0.214545
3/8/2013,0.216363
3/11/2013,0.216363
3/12/2013,0.216363
3/13/2013,0.216363
3/14/2013,0.216363
3/15/2013,0.216363
3/18/2013,0.216363
3/19/2013,0.216363
3/20/2013,0.216363
3/21/2013,0.203636
3/22/2013,0.203636
3/25/2013,0.2
3/26/2013,0.216363
3/27/2013,0.216363
3/28/2013,0.216363
3/29/2013,0.216363
4/1/2013,0.216363
4/2/2013,0.223636
4/3/2013,0.205454
4/4/2013,0.22
4/5/2013,0.22
4/8/2013,0.22
4/9/2013,0.22
4/10/2013,0.22
4/11/2013,0.22
4/12/2013,0.22
4/15/2013,0.22
4/16/2013,0.22
4/17/2013,0.22
4/18/2013,0.22
4/19/2013,0.22
4/22/2013,0.22
4/23/2013,0.22
4/24/2013,0.22
4/25/2013,0.22
4/26/2013,0.22
4/29/2013,0.22
4/30/2013,0.216363
5/2/2013,0.216363
5/3/2013,0.203636
5/6/2013,0.216363
5/7/2013,0.216363
5/8/2013,0.212727
5/9/2013,0.203636
5/10/2013,0.22
5/13/2013,0.22
5/14/2013,0.212727
5/15/2013,0.210909
5/16/2013,0.20909
5/17/2013,0.20909
5/20/2013,0.20909
5/21/2013,0.20909
5/22/2013,0.20909
5/23/2013,0.203636
5/27/2013,0.203636
5/28/2013,0.203636
5/29/2013,0.203636
5/30/2013,0.216363
5/31/2013,0.216363
6/3/2013,0.216363
6/4/2013,0.218181
6/5/2013,0.218181
6/6/2013,0.218181
6/7/2013,0.218181
6/10/2013,0.218181
6/11/2013,0.218181
6/12/2013,0.22
6/13/2013,0.20909
6/14/2013,0.20909
6/17/2013,0.20909
6/18/2013,0.20909
6/19/2013,0.20909
6/20/2013,0.20909
6/21/2013,0.20909
6/24/2013,0.210909
6/25/2013,0.218181
6/26/2013,0.218181
6/27/2013,0.218181
6/28/2013,0.214545
7/1/2013,0.214545
7/2/2013,0.214545
7/3/2013,0.214545
7/4/2013,0.214545
7/5/2013,0.214545
7/8/2013,0.207272
7/9/2013,0.20909
7/10/2013,0.214545
7/11/2013,0.216363
7/12/2013,0.214545
7/15/2013,0.22
7/16/2013,0.22
7/17/2013,0.22
7/18/2013,0.22
7/19/2013,0.20909
7/22/2013,0.20909
7/23/2013,0.20909
7/24/2013,0.20909
7/25/2013,0.20909
7/26/2013,0.20909
7/29/2013,0.20909
7/30/2013,0.216363
7/31/2013,0.216363
8/1/2013,0.216363
8/2/2013,0.212727
8/5/2013,0.214545
8/6/2013,0.218181
8/12/2013,0.218181
8/13/2013,0.218181
8/14/2013,0.218181
8/15/2013,0.218181
8/16/2013,0.218181
8/19/2013,0.210909
8/20/2013,0.210909
8/21/2013,0.210909
8/22/2013,0.210909
8/23/2013,0.210909
8/26/2013,0.210909
8/27/2013,0.22
8/28/2013,0.22
8/29/2013,0.22
8/30/2013,0.22
9/2/2013,0.22
9/3/2013,0.203636
9/4/2013,0.203636
9/5/2013,0.203636
9/6/2013,0.216363
9/9/2013,0.216363
9/10/2013,0.203636
9/11/2013,0.203636
9/12/2013,0.203636
9/13/2013,0.203636
9/17/2013,0.203636
9/18/2013,0.203636
9/19/2013,0.203636
9/20/2013,0.203636
9/23/2013,0.203636
9/24/2013,0.203636
9/25/2013,0.203636
9/26/2013,0.203636
9/27/2013,0.203636
9/30/2013,0.203636
10/1/2013,0.203636
10/2/2013,0.203636
10/3/2013,0.203636
10/4/2013,0.203636
10/7/2013,0.203636
10/8/2013,0.203636
10/9/2013,0.203636
10/10/2013,0.203636
10/11/2013,0.212727
10/14/2013,0.212727
10/16/2013,0.2
10/17/2013,0.2
10/18/2013,0.2
10/21/2013,0.2
10/22/2013,0.214545
10/23/2013,0.214545
10/24/2013,0.214545
10/25/2013,0.214545
10/28/2013,0.214545
10/29/2013,0.214545
10/30/2013,0.214545
10/31/2013,0.214545
11/1/2013,0.214545
11/4/2013,0.214545
11/6/2013,0.214545
11/7/2013,0.214545
11/8/2013,0.205454
11/11/2013,0.203636
11/12/2013,0.205454
11/13/2013,0.205454
11/14/2013,0.2
11/15/2013,0.2
11/18/2013,0.207272
11/19/2013,0.207272
11/20/2013,0.207272
11/21/2013,0.207272
11/22/2013,0.207272
11/25/2013,0.207272
11/26/2013,0.207272
11/27/2013,0.207272
11/28/2013,0.207272
11/29/2013,0.207272
12/2/2013,0.207272
12/3/2013,0.210909
12/4/2013,0.210909
12/5/2013,0.210909
12/6/2013,0.210909
12/9/2013,0.210909
12/10/2013,0.210909
12/11/2013,0.210909
12/12/2013,0.207272
12/13/2013,0.207272
12/16/2013,0.214545
12/17/2013,0.214545
12/18/2013,0.214545
12/19/2013,0.214545
12/20/2013,0.205454
12/23/2013,0.212727
12/24/2013,0.212727
12/26/2013,0.212727
12/27/2013,0.212727
12/30/2013,0.212727
12/31/2013,0.203636
1/2/2014,0.203636
1/3/2014,0.201818
1/6/2014,0.203636
1/7/2014,0.203636
1/8/2014,0.203636
1/9/2014,0.218181
1/10/2014,0.214545
1/13/2014,0.214545
1/15/2014,0.214545
1/16/2014,0.22
1/20/2014,0.207272
1/21/2014,0.218181
1/22/2014,0.216363
1/23/2014,0.207272
1/24/2014,0.205454
1/27/2014,0.203636
1/28/2014,0.214545
1/29/2014,0.214545
1/30/2014,0.214545
2/3/2014,0.214545
2/4/2014,0.214545
2/5/2014,0.214545
2/6/2014,0.203636
2/7/2014,0.212727
2/10/2014,0.205454
2/11/2014,0.205454
2/12/2014,0.2
2/13/2014,0.20909
2/14/2014,0.207272
2/17/2014,0.205454
2/18/2014,0.205454
2/19/2014,0.205454
2/20/2014,0.205454
2/21/2014,0.205454
2/24/2014,0.205454
2/25/2014,0.205454
2/26/2014,0.205454
2/27/2014,0.212727
2/28/2014,0.205454
3/3/2014,0.205454
3/4/2014,0.203636
3/5/2014,0.203636
3/6/2014,0.203636
3/7/2014,0.214545
3/10/2014,0.214545
3/11/2014,0.214545
3/12/2014,0.203636
3/13/2014,0.210909
3/14/2014,0.210909
3/17/2014,0.210909
3/18/2014,0.210909
3/19/2014,0.210909
3/20/2014,0.210909
3/21/2014,0.210909
3/24/2014,0.210909
3/25/2014,0.210909
3/26/2014,0.210909
3/27/2014,0.210909
3/28/2014,0.210909
3/31/2014,0.210909
4/1/2014,0.210909
4/2/2014,0.210909
4/3/2014,0.210909
4/4/2014,0.210909
4/7/2014,0.210909
4/8/2014,0.210909
4/9/2014,0.210909
4/10/2014,0.210909
4/11/2014,0.205454
4/14/2014,0.201818
4/15/2014,0.201818
4/16/2014,0.201818
4/17/2014,0.201818
4/18/2014,0.210909
4/21/2014,0.216363
4/22/2014,0.205454
4/23/2014,0.205454
4/24/2014,0.205454
4/25/2014,0.210909
4/28/2014,0.210909
4/29/2014,0.210909
4/30/2014,0.207272
5/2/2014,0.207272
5/5/2014,0.210909
5/6/2014,0.210909
5/7/2014,0.210909
5/8/2014,0.214545
5/9/2014,0.214545
5/12/2014,0.212727
5/14/2014,0.214545
5/15/2014,0.216363
5/16/2014,0.227272
5/19/2014,0.22909
5/20/2014,0.22909
5/21/2014,0.22909
5/22/2014,0.22909
5/23/2014,0.22909
5/26/2014,0.210909
5/27/2014,0.210909
5/28/2014,0.20909
5/29/2014,0.20909
5/30/2014,0.205454
6/2/2014,0.205454
6/3/2014,0.205454
6/4/2014,0.207272
6/5/2014,0.20909
6/6/2014,0.214545
6/9/2014,0.214545
6/10/2014,0.216363
6/11/2014,0.216363
6/12/2014,0.216363
6/13/2014,0.216363
6/16/2014,0.227272
6/17/2014,0.22909
6/18/2014,0.22909
6/19/2014,0.221818
6/20/2014,0.22909
6/23/2014,0.22909
6/24/2014,0.230909
6/25/2014,0.22
6/26/2014,0.218181
6/27/2014,0.214545
6/30/2014,0.20909
7/1/2014,0.20909
7/2/2014,0.20909
7/3/2014,0.20909
7/4/2014,0.20909
7/7/2014,0.214545
7/8/2014,0.214545
7/9/2014,0.214545
7/10/2014,0.214545
7/11/2014,0.218181
7/14/2014,0.218181
7/16/2014,0.223636
7/17/2014,0.225454
7/18/2014,0.225454
7/21/2014,0.225454
7/22/2014,0.221818
7/23/2014,0.221818
7/24/2014,0.225454
7/25/2014,0.225454
7/30/2014,0.225454
7/31/2014,0.225454
8/1/2014,0.225454
8/4/2014,0.225454
8/5/2014,0.212727
8/6/2014,0.223636
8/7/2014,0.22
8/8/2014,0.210909
8/11/2014,0.218181
8/12/2014,0.218181
8/13/2014,0.218181
8/14/2014,0.214545
8/15/2014,0.216363
8/18/2014,0.210909
8/19/2014,0.210909
8/20/2014,0.216363
8/21/2014,0.20909
8/22/2014,0.20909
8/25/2014,0.212727
8/26/2014,0.205454
8/27/2014,0.207272
8/28/2014,0.207272
8/29/2014,0.207272
9/2/2014,0.207272
9/3/2014,0.20909
9/4/2014,0.20909
9/5/2014,0.20909
9/8/2014,0.207272
9/9/2014,0.205454
9/10/2014,0.205454
9/11/2014,0.20909
9/12/2014,0.20909
9/15/2014,0.20909
9/17/2014,0.20909
9/18/2014,0.205454
9/19/2014,0.210909
9/22/2014,0.210909
9/23/2014,0.210909
9/24/2014,0.210909
9/25/2014,0.205454
9/26/2014,0.201818
9/29/2014,0.2
9/30/2014,0.2
10/1/2014,0.201818
10/2/2014,0.201818
10/3/2014,0.201818
10/7/2014,0.201818
10/8/2014,0.201818
10/9/2014,0.201818
10/10/2014,0.207272
10/13/2014,0.201818
10/14/2014,0.201818
10/15/2014,0.201818
10/16/2014,0.201818
10/17/2014,0.207272
10/20/2014,0.207272
10/21/2014,0.2
10/22/2014,0.2
10/24/2014,0.207272
10/27/2014,0.207272
10/28/2014,0.207272
10/29/2014,0.207272
10/30/2014,0.207272
10/31/2014,0.207272
11/3/2014,0.207272
11/4/2014,0.207272
11/5/2014,0.207272
11/6/2014,0.207272
11/7/2014,0.207272
11/10/2014,0.207272
11/11/2014,0.207272
11/12/2014,0.207272
11/13/2014,0.207272
11/14/2014,0.207272
11/17/2014,0.207272
11/18/2014,0.207272
11/19/2014,0.207272
11/20/2014,0.207272
11/21/2014,0.207272
11/24/2014,0.207272
11/25/2014,0.207272
11/26/2014,0.207272
11/27/2014,0.20909
11/28/2014,0.198181
12/1/2014,0.198181
12/2/2014,0.198181
12/3/2014,0.196363
12/4/2014,0.196363
12/5/2014,0.196363
12/8/2014,0.196363
12/9/2014,0.196363
12/10/2014,0.196363
12/11/2014,0.190909
12/12/2014,0.190909
12/15/2014,0.185454
12/16/2014,0.194545
12/17/2014,0.194545
12/18/2014,0.196363
12/19/2014,0.187272
12/22/2014,0.192727
12/23/2014,0.192727
12/24/2014,0.187272
12/26/2014,0.187272
12/29/2014,0.187272
12/30/2014,0.187272
12/31/2014,0.190909
1/2/2015,0.190909
1/5/2015,0.190909
1/6/2015,0.190909
1/7/2015,0.190909
1/8/2015,0.187272
1/9/2015,0.187272
1/12/2015,0.187272
1/13/2015,0.187272
1/14/2015,0.187272
1/15/2015,0.183636
1/16/2015,0.185454
1/19/2015,0.194545
1/20/2015,0.194545
1/21/2015,0.194545
1/22/2015,0.196363
1/23/2015,0.196363
1/26/2015,0.196363
1/27/2015,0.185454
1/28/2015,0.185454
1/29/2015,0.185454
1/30/2015,0.185454
2/4/2015,0.185454
2/5/2015,0.185454
2/6/2015,0.185454
2/9/2015,0.185454
2/10/2015,0.185454
2/11/2015,0.192727
2/12/2015,0.192727
2/13/2015,0.192727
2/16/2015,0.192727
2/17/2015,0.196363
2/18/2015,0.196363
2/23/2015,0.196363
2/24/2015,0.196363
2/25/2015,0.196363
2/26/2015,0.196363
2/27/2015,0.203636
3/2/2015,0.203636
3/3/2015,0.203636
3/4/2015,0.203636
3/5/2015,0.203636
3/6/2015,0.203636
3/9/2015,0.203636
3/10/2015,0.203636
3/11/2015,0.203636
3/12/2015,0.203636
3/13/2015,0.203636
3/16/2015,0.203636
3/17/2015,0.203636
3/18/2015,0.203636
3/19/2015,0.203636
3/20/2015,0.203636
3/23/2015,0.203636
3/24/2015,0.194545
3/25/2015,0.194545
3/26/2015,0.194545
3/27/2015,0.2
3/30/2015,0.2
3/31/2015,0.2
4/1/2015,0.2
4/2/2015,0.2
4/3/2015,0.2
4/6/2015,0.190909
4/7/2015,0.190909
4/8/2015,0.190909
4/9/2015,0.190909
4/10/2015,0.196363
4/13/2015,0.2
4/14/2015,0.2
4/15/2015,0.196363
4/16/2015,0.187272
4/17/2015,0.18909
4/20/2015,0.18909
4/21/2015,0.190909
4/22/2015,0.190909
4/23/2015,0.190909
4/24/2015,0.190909
4/27/2015,0.190909
4/28/2015,0.190909
4/29/2015,0.190909
4/30/2015,0.2
5/5/2015,0.2
5/6/2015,0.2
5/7/2015,0.2
5/8/2015,0.18909
5/11/2015,0.18909
5/12/2015,0.18909
5/13/2015,0.192727
5/14/2015,0.18909
5/15/2015,0.187272
5/18/2015,0.187272
5/19/2015,0.187272
5/20/2015,0.187272
5/21/2015,0.187272
5/22/2015,0.194545
5/25/2015,0.194545
5/26/2015,0.187272
5/27/2015,0.187272
5/28/2015,0.187272
5/29/2015,0.187272
6/1/2015,0.18909
6/2/2015,0.18909
6/3/2015,0.18909
6/4/2015,0.185454
6/5/2015,0.185454
6/8/2015,0.185454
6/9/2015,0.185454
6/10/2015,0.185454
6/11/2015,0.194545
6/12/2015,0.203636
6/15/2015,0.203636
6/16/2015,0.203636
6/17/2015,0.203636
6/18/2015,0.203636
6/19/2015,0.192727
6/22/2015,0.192727
6/23/2015,0.192727
6/24/2015,0.192727
6/25/2015,0.192727
6/26/2015,0.2
6/29/2015,0.2
6/30/2015,0.2
7/1/2015,0.190909
7/2/2015,0.196363
7/3/2015,0.196363
7/6/2015,0.196363
7/7/2015,0.196363
7/8/2015,0.18909
7/9/2015,0.18909
7/10/2015,0.187272
7/13/2015,0.196363
7/14/2015,0.190909
7/15/2015,0.190909
7/16/2015,0.190909
7/20/2015,0.190909
7/21/2015,0.190909
7/22/2015,0.190909
7/23/2015,0.190909
7/24/2015,0.190909
7/27/2015,0.2
7/28/2015,0.2
7/29/2015,0.2
7/30/2015,0.2
7/31/2015,0.2
8/3/2015,0.2
8/4/2015,0.2
8/5/2015,0.2
8/6/2015,0.18909
8/7/2015,0.18909
8/10/2015,0.187272
8/11/2015,0.185454
8/12/2015,0.181818
8/13/2015,0.181818
8/14/2015,0.181818
8/17/2015,0.181818
8/18/2015,0.181818
8/19/2015,0.181818
8/20/2015,0.181818
8/21/2015,0.181818
8/24/2015,0.181818
8/25/2015,0.181818
8/26/2015,0.181818
8/27/2015,0.181818
8/28/2015,0.181818
9/1/2015,0.181818
9/2/2015,0.181818
9/3/2015,0.181818
9/4/2015,0.181818
9/7/2015,0.181818
9/8/2015,0.181818
9/9/2015,0.181818
9/10/2015,0.181818
9/11/2015,0.181818
9/14/2015,0.181818
9/15/2015,0.181818
9/17/2015,0.181818
9/18/2015,0.181818
9/21/2015,0.181818
9/22/2015,0.183636
9/23/2015,0.183636
9/25/2015,0.183636
9/28/2015,0.183636
9/29/2015,0.183636
9/30/2015,0.190909
10/1/2015,0.190909
10/2/2015,0.190909
10/5/2015,0.190909
10/6/2015,0.190909
10/7/2015,0.190909
10/8/2015,0.2
10/9/2015,0.2
10/12/2015,0.205454
10/13/2015,0.205454
10/15/2015,0.190909
10/16/2015,0.205454
10/19/2015,0.205454
10/20/2015,0.190909
10/21/2015,0.2
10/22/2015,0.198181
10/23/2015,0.198181
10/26/2015,0.198181
10/27/2015,0.198181
10/28/2015,0.198181
10/29/2015,0.198181
10/30/2015,0.198181
11/2/2015,0.198181
11/3/2015,0.198181
11/4/2015,0.198181
11/5/2015,0.198181
11/6/2015,0.198181
11/9/2015,0.198181
11/11/2015,0.198181
11/12/2015,0.196363
11/13/2015,0.192727
11/16/2015,0.192727
11/17/2015,0.192727
11/18/2015,0.192727
11/19/2015,0.192727
11/20/2015,0.192727
11/23/2015,0.18909
11/24/2015,0.18909
11/25/2015,0.18909
11/26/2015,0.18909
11/27/2015,0.18909
11/30/2015,0.18909
12/1/2015,0.18909
12/2/2015,0.196363
12/3/2015,0.196363
12/4/2015,0.196363
12/7/2015,0.196363
12/8/2015,0.196363
12/9/2015,0.196363
12/10/2015,0.196363
12/11/2015,0.196363
12/14/2015,0.196363
12/15/2015,0.187272
12/16/2015,0.185454
12/17/2015,0.181818
12/18/2015,0.192727
12/21/2015,0.192727
12/22/2015,0.198181
12/23/2015,0.2
12/28/2015,0.2
12/29/2015,0.2
12/30/2015,0.2
12/31/2015,0.2
1/4/2016,0.190909
1/5/2016,0.190909
1/6/2016,0.190909
1/7/2016,0.190909
1/8/2016,0.190909
1/11/2016,0.187272
1/12/2016,0.187272
1/13/2016,0.187272
1/14/2016,0.187272
1/15/2016,0.185454
1/18/2016,0.185454
1/19/2016,0.218181
1/20/2016,0.218181
1/21/2016,0.218181
1/22/2016,0.218181
1/26/2016,0.272727
1/27/2016,0.318181
1/28/2016,0.316363
1/29/2016,0.314545
2/2/2016,0.30909
2/3/2016,0.303636
2/4/2016,0.290909
2/5/2016,0.3
2/8/2016,0.3
2/9/2016,0.3
2/10/2016,0.290909
2/11/2016,0.296363
2/12/2016,0.287272
2/15/2016,0.3
2/16/2016,0.301818
2/17/2016,0.301818
2/18/2016,0.298181
2/19/2016,0.3
2/22/2016,0.290909
2/23/2016,0.294545
2/24/2016,0.292727
2/25/2016,0.290909
2/26/2016,0.290909
2/29/2016,0.290909
3/1/2016,0.296363
3/2/2016,0.294545
3/3/2016,0.298181
3/4/2016,0.292727
3/7/2016,0.292727
3/8/2016,0.290909
3/9/2016,0.292727
3/10/2016,0.290909
3/11/2016,0.290909
3/14/2016,0.292727
3/15/2016,0.292727
3/16/2016,0.290909
3/17/2016,0.290909
3/18/2016,0.28909
3/21/2016,0.290909
3/22/2016,0.290909
3/23/2016,0.290909
3/24/2016,0.28909
3/25/2016,0.28909
3/28/2016,0.290909
3/29/2016,0.290909
3/30/2016,0.290909
3/31/2016,0.290909
4/1/2016,0.290909
4/4/2016,0.290909
4/5/2016,0.292727
4/6/2016,0.296363
4/7/2016,0.321818
4/8/2016,0.336363
4/11/2016,0.352727
4/12/2016,0.345454
4/13/2016,0.347272
4/14/2016,0.341818
4/15/2016,0.330909
4/18/2016,0.332727
4/19/2016,0.338181
4/20/2016,0.34
4/21/2016,0.338181
4/22/2016,0.343636
4/25/2016,0.34
4/26/2016,0.32909
4/27/2016,0.338181
4/28/2016,0.338181
4/29/2016,0.330909
5/3/2016,0.327272
5/4/2016,0.327272
5/5/2016,0.327272
5/6/2016,0.32909
5/9/2016,0.336363
5/10/2016,0.34
5/11/2016,0.34
5/12/2016,0.332727
5/13/2016,0.338181
5/16/2016,0.34
5/17/2016,0.34
5/18/2016,0.338181
5/19/2016,0.334545
5/20/2016,0.332727
5/23/2016,0.327272
5/24/2016,0.325454
5/25/2016,0.325
5/26/2016,0.33
5/27/2016,0.33
5/30/2016,0.3
5/31/2016,0.3
6/1/2016,0.305
6/2/2016,0.305
6/3/2016,0.31
6/6/2016,0.3
6/7/2016,0.265
6/8/2016,0.285
6/9/2016,0.275
6/10/2016,0.275
6/13/2016,0.28
6/14/2016,0.275
6/15/2016,0.275
6/16/2016,0.275
6/17/2016,0.275
6/20/2016,0.27
6/21/2016,0.28
6/23/2016,0.29
6/24/2016,0.285
6/27/2016,0.275
6/28/2016,0.28
6/29/2016,0.28
6/30/2016,0.285
7/1/2016,0.27
7/4/2016,0.27
7/5/2016,0.29
7/6/2016,0.29
7/7/2016,0.29
7/8/2016,0.29
7/11/2016,0.29
7/12/2016,0.285
7/13/2016,0.285
7/14/2016,0.275
7/15/2016,0.27
7/18/2016,0.265
7/19/2016,0.28
7/20/2016,0.26
7/21/2016,0.26
7/22/2016,0.26
7/25/2016,0.26
7/26/2016,0.26
7/27/2016,0.265
7/28/2016,0.265
7/29/2016,0.25
8/1/2016,0.25
8/2/2016,0.24
8/3/2016,0.24
8/4/2016,0.24
8/5/2016,0.24
8/8/2016,0.24
8/9/2016,0.245
8/10/2016,0.24
8/11/2016,0.24
8/12/2016,0.235
8/15/2016,0.235
8/16/2016,0.24
8/17/2016,0.235
8/18/2016,0.23
8/19/2016,0.24
8/22/2016,0.24
8/23/2016,0.24
8/24/2016,0.24
8/25/2016,0.24
8/26/2016,0.24
8/29/2016,0.24
8/30/2016,0.24
9/1/2016,0.23
9/2/2016,0.225
9/5/2016,0.225
9/6/2016,0.215
9/7/2016,0.21
9/8/2016,0.205
9/9/2016,0.21
9/13/2016,0.205
9/14/2016,0.21
9/15/2016,0.21
9/19/2016,0.21
9/20/2016,0.21
9/21/2016,0.21
9/22/2016,0.21
9/23/2016,0.21
9/26/2016,0.2
9/27/2016,0.205
9/28/2016,0.205
9/29/2016,0.23
9/30/2016,0.23
10/4/2016,0.21
10/5/2016,0.21
10/6/2016,0.21
10/7/2016,0.215
10/10/2016,0.2
10/11/2016,0.2
10/12/2016,0.21
10/13/2016,0.21
10/14/2016,0.21
10/17/2016,0.21
10/18/2016,0.21
10/19/2016,0.23
10/20/2016,0.23
10/21/2016,0.23
10/24/2016,0.22
10/25/2016,0.22
10/26/2016,0.22
10/27/2016,0.22
10/28/2016,0.22
10/31/2016,0.23
11/1/2016,0.23
11/2/2016,0.23
11/3/2016,0.215
11/4/2016,0.215
11/7/2016,0.215
11/8/2016,0.21
11/9/2016,0.21
11/10/2016,0.21
11/11/2016,0.22
11/14/2016,0.22
11/15/2016,0.22
11/16/2016,0.22
11/17/2016,0.22
11/18/2016,0.21
11/21/2016,0.21
11/22/2016,0.21
11/23/2016,0.215
11/24/2016,0.215
11/25/2016,0.22
11/28/2016,0.22
11/29/2016,0.215
11/30/2016,0.22
12/1/2016,0.205
12/2/2016,0.22
12/5/2016,0.205
12/6/2016,0.21
12/7/2016,0.21
12/8/2016,0.21
12/9/2016,0.21
12/13/2016,0.2
12/14/2016,0.2
12/15/2016,0.205
12/16/2016,0.195
12/19/2016,0.2
12/20/2016,0.2
12/21/2016,0.255
12/22/2016,0.21
12/23/2016,0.2
12/27/2016,0.215
12/28/2016,0.2
12/29/2016,0.2
12/30/2016,0.22
1/2/2017,0.22
1/3/2017,0.205
1/4/2017,0.205
1/5/2017,0.215
1/6/2017,0.215
1/9/2017,0.215
1/10/2017,0.21
1/11/2017,0.21
1/12/2017,0.22
1/13/2017,0.215
1/16/2017,0.21
1/17/2017,0.21
1/18/2017,0.21
1/19/2017,0.21
1/20/2017,0.21
1/23/2017,0.21
1/24/2017,0.205
1/25/2017,0.205
1/26/2017,0.21
1/27/2017,0.225
1/31/2017,0.225
2/2/2017,0.215
2/3/2017,0.22
2/6/2017,0.22
2/7/2017,0.21
2/8/2017,0.215
2/10/2017,0.22
2/13/2017,0.235
2/14/2017,0.24
2/15/2017,0.245
2/16/2017,0.25
2/17/2017,0.25
2/20/2017,0.26
2/21/2017,0.25
2/22/2017,0.25
2/23/2017,0.255
2/24/2017,0.255
2/27/2017,0.26
2/28/2017,0.25
3/1/2017,0.255
3/2/2017,0.25
3/3/2017,0.25
3/6/2017,0.255
3/7/2017,0.255
3/8/2017,0.245
3/9/2017,0.25
3/10/2017,0.275
3/13/2017,0.27
3/14/2017,0.26
3/15/2017,0.27
3/16/2017,0.26
3/17/2017,0.275
3/20/2017,0.26
3/21/2017,0.265
3/22/2017,0.26
3/23/2017,0.265
3/24/2017,0.265
3/27/2017,0.26
3/28/2017,0.255
3/29/2017,0.265
3/30/2017,0.265
3/31/2017,0.275
4/3/2017,0.27
4/4/2017,0.27
4/5/2017,0.255
4/6/2017,0.255
4/7/2017,0.26
4/10/2017,0.26
4/11/2017,0.26
4/12/2017,0.27
4/13/2017,0.265
4/14/2017,0.26
4/17/2017,0.26
4/18/2017,0.26
4/19/2017,0.26
4/20/2017,0.255
4/21/2017,0.27
4/24/2017,0.265
4/25/2017,0.27
4/26/2017,0.26
4/27/2017,0.255
4/28/2017,0.27
5/2/2017,0.265
5/3/2017,0.265
5/4/2017,0.26
5/5/2017,0.265
5/8/2017,0.265
5/9/2017,0.26
5/11/2017,0.26
5/12/2017,0.26
5/15/2017,0.265
5/16/2017,0.265
5/17/2017,0.26
5/18/2017,0.245
5/19/2017,0.255
5/22/2017,0.24
5/23/2017,0.235
5/24/2017,0.245
5/25/2017,0.255
5/26/2017,0.24
5/29/2017,0.24
5/31/2017,0.23
6/1/2017,0.24
6/2/2017,0.245
6/5/2017,0.25
6/6/2017,0.25
6/7/2017,0.25
6/8/2017,0.24
6/9/2017,0.23
6/13/2017,0.24
6/14/2017,0.235
6/15/2017,0.23
6/16/2017,0.235
6/19/2017,0.225
6/20/2017,0.225
6/21/2017,0.22
6/22/2017,0.225
6/23/2017,0.23
6/26/2017,0.225
6/27/2017,0.225
6/28/2017,0.225
6/29/2017,0.225
6/30/2017,0.22
7/3/2017,0.22
7/4/2017,0.205
7/5/2017,0.22
7/6/2017,0.22
7/7/2017,0.22
7/10/2017,0.22
7/11/2017,0.22
7/12/2017,0.22
7/13/2017,0.22
7/14/2017,0.21
7/17/2017,0.21
7/18/2017,0.21
7/19/2017,0.21
7/20/2017,0.21
7/21/2017,0.205
7/24/2017,0.205
7/25/2017,0.215
7/26/2017,0.215
7/27/2017,0.205
7/28/2017,0.205
7/31/2017,0.215
8/1/2017,0.21
8/2/2017,0.21
8/3/2017,0.205
8/4/2017,0.205
8/7/2017,0.2
8/8/2017,0.2
8/9/2017,0.2
8/10/2017,0.2
8/11/2017,0.205
8/14/2017,0.205
8/15/2017,0.205
8/16/2017,0.2
8/17/2017,0.2
8/18/2017,0.21
8/21/2017,0.2
8/22/2017,0.2
8/23/2017,0.2
8/24/2017,0.2
8/25/2017,0.2
8/28/2017,0.205
8/29/2017,0.2
8/30/2017,0.205
8/31/2017,0.205
9/1/2017,0.205
9/4/2017,0.205
9/5/2017,0.205
9/6/2017,0.205
9/7/2017,0.2
9/8/2017,0.2
9/11/2017,0.2
9/12/2017,0.2
9/13/2017,0.21
9/14/2017,0.215
9/15/2017,0.22
9/18/2017,0.22
9/19/2017,0.22
9/20/2017,0.22
9/21/2017,0.21
9/22/2017,0.21
9/25/2017,0.205
9/26/2017,0.205
9/27/2017,0.23
9/28/2017,0.22
9/29/2017,0.22
10/2/2017,0.22
10/3/2017,0.22
10/4/2017,0.205
10/5/2017,0.205
10/6/2017,0.205
10/9/2017,0.205
10/10/2017,0.205
10/11/2017,0.215
10/12/2017,0.23
10/13/2017,0.23
10/16/2017,0.215
10/17/2017,0.22
10/18/2017,0.22
10/19/2017,0.215
10/20/2017,0.215
10/23/2017,0.215
10/24/2017,0.21
10/25/2017,0.205
10/26/2017,0.21
10/27/2017,0.21
10/30/2017,0.21
10/31/2017,0.21
11/1/2017,0.21
11/2/2017,0.21
11/3/2017,0.205
11/6/2017,0.205
11/7/2017,0.21
11/8/2017,0.2
11/9/2017,0.205
11/10/2017,0.205
11/13/2017,0.205
11/14/2017,0.205
11/15/2017,0.2
11/16/2017,0.195
11/17/2017,0.2
11/20/2017,0.2
11/21/2017,0.195
11/22/2017,0.205
11/23/2017,0.205
11/24/2017,0.2
11/27/2017,0.2
11/28/2017,0.2
11/29/2017,0.195
11/30/2017,0.195
12/1/2017,0.195
12/4/2017,0.195
12/5/2017,0.195
12/6/2017,0.2
12/7/2017,0.2
12/8/2017,0.2
12/11/2017,0.195
12/12/2017,0.195
12/13/2017,0.195
12/14/2017,0.195
12/15/2017,0.195
12/18/2017,0.19
12/19/2017,0.195
12/20/2017,0.195
12/21/2017,0.195
12/22/2017,0.2
12/25/2017,0.2
12/26/2017,0.2
12/27/2017,0.2
12/28/2017,0.2
12/29/2017,0.2
1/2/2018,0.2
1/3/2018,0.2
1/4/2018,0.2
1/5/2018,0.2
1/8/2018,0.2
1/9/2018,0.2
1/10/2018,0.2
1/11/2018,0.2
1/12/2018,0.205
1/15/2018,0.2
1/16/2018,0.2
1/17/2018,0.2
1/18/2018,0.2
1/19/2018,0.195
1/22/2018,0.2
1/23/2018,0.2
1/24/2018,0.2
1/25/2018,0.2
1/26/2018,0.2
1/29/2018,0.205
1/30/2018,0.2
2/2/2018,0.2
2/5/2018,0.2
2/6/2018,0.18
2/7/2018,0.195
2/8/2018,0.185
2/9/2018,0.185
2/12/2018,0.185
2/13/2018,0.185
2/14/2018,0.185
2/15/2018,0.215
2/16/2018,0.215
2/19/2018,0.215
2/20/2018,0.2
2/21/2018,0.2
2/22/2018,0.2
2/23/2018,0.2
2/26/2018,0.2
2/27/2018,0.2
2/28/2018,0.2
3/1/2018,0.2
3/2/2018,0.2
3/5/2018,0.19
3/6/2018,0.19
3/7/2018,0.19
3/8/2018,0.19
3/9/2018,0.19
3/12/2018,0.19
3/13/2018,0.19
3/14/2018,0.19
3/15/2018,0.19
3/16/2018,0.2
3/19/2018,0.2
3/20/2018,0.2
3/21/2018,0.19
3/22/2018,0.19
3/23/2018,0.2
3/26/2018,0.2
3/27/2018,0.19
3/28/2018,0.19
3/29/2018,0.205
3/30/2018,0.205
4/2/2018,0.205
4/3/2018,0.205
4/4/2018,0.19
4/5/2018,0.19
4/6/2018,0.19
4/9/2018,0.185
4/10/2018,0.185
4/11/2018,0.185
4/12/2018,0.185
4/13/2018,0.195
4/16/2018,0.195
4/17/2018,0.195
4/18/2018,0.195
4/19/2018,0.195
4/20/2018,0.195
4/23/2018,0.185
4/24/2018,0.19
4/25/2018,0.19
4/26/2018,0.19
4/27/2018,0.185
4/30/2018,0.185
5/2/2018,0.185
5/3/2018,0.185
5/4/2018,0.185
5/7/2018,0.185
5/8/2018,0.185
5/14/2018,0.19
5/15/2018,0.19
5/16/2018,0.19
5/17/2018,0.185
5/18/2018,0.185
5/21/2018,0.185
5/22/2018,0.185
5/23/2018,0.185
5/24/2018,0.185
5/25/2018,0.185
5/28/2018,0.18
5/30/2018,0.18
5/31/2018,0.18
6/1/2018,0.185
6/4/2018,0.18
6/5/2018,0.18
6/6/2018,0.205
6/7/2018,0.205
6/8/2018,0.205
6/11/2018,0.205
6/12/2018,0.205
6/13/2018,0.205
6/14/2018,0.205
6/18/2018,0.205
6/19/2018,0.205
6/20/2018,0.205
6/21/2018,0.205
6/22/2018,0.205
6/25/2018,0.205
6/26/2018,0.205
6/27/2018,0.205
6/28/2018,0.205
6/29/2018,0.205
7/2/2018,0.205
7/3/2018,0.205
7/4/2018,0.205
7/5/2018,0.205
7/6/2018,0.205
7/9/2018,0.205
7/10/2018,0.205
7/11/2018,0.205
7/12/2018,0.205
7/13/2018,0.205
7/16/2018,0.205
7/17/2018,0.205
7/18/2018,0.205
7/19/2018,0.205
7/20/2018,0.205
7/23/2018,0.205
7/24/2018,0.205
7/25/2018,0.205
7/26/2018,0.18
7/27/2018,0.18
7/30/2018,0.18
7/31/2018,0.18
8/1/2018,0.18
8/2/2018,0.18
8/3/2018,0.18
8/6/2018,0.18
8/7/2018,0.18
8/8/2018,0.18
8/9/2018,0.175
8/10/2018,0.18
8/13/2018,0.18
8/14/2018,0.18
8/15/2018,0.18
8/16/2018,0.18
8/17/2018,0.18
8/20/2018,0.18
8/21/2018,0.175
8/23/2018,0.175
8/24/2018,0.175
8/27/2018,0.175
8/28/2018,0.175
8/29/2018,0.175
8/30/2018,0.175
9/3/2018,0.175
9/4/2018,0.175
9/5/2018,0.175
9/6/2018,0.175
9/7/2018,0.175
9/12/2018,0.175
9/13/2018,0.175
9/14/2018,0.175
9/18/2018,0.175
9/19/2018,0.175
9/20/2018,0.175
9/21/2018,0.185
9/24/2018,0.185
9/25/2018,0.185
9/26/2018,0.185
9/27/2018,0.185
9/28/2018,0.185
10/1/2018,0.185
10/2/2018,0.185
10/3/2018,0.185
10/4/2018,0.185
10/5/2018,0.185
10/8/2018,0.185
10/9/2018,0.185
10/10/2018,0.165
10/11/2018,0.165
10/12/2018,0.2
10/15/2018,0.2
10/16/2018,0.2
10/17/2018,0.2
10/18/2018,0.2
10/19/2018,0.16
10/22/2018,0.16
10/23/2018,0.16
10/24/2018,0.16
10/25/2018,0.16
10/26/2018,0.16
10/29/2018,0.16
10/30/2018,0.185
10/31/2018,0.16
11/1/2018,0.16
11/2/2018,0.16
11/5/2018,0.16
11/7/2018,0.16
11/8/2018,0.16
11/9/2018,0.16
11/12/2018,0.16
11/13/2018,0.16
11/14/2018,0.16
11/15/2018,0.16
11/16/2018,0.16
11/19/2018,0.15
11/21/2018,0.15
11/22/2018,0.15
11/23/2018,0.15
11/26/2018,0.15
11/27/2018,0.15
11/28/2018,0.15
11/29/2018,0.15
11/30/2018,0.15
12/3/2018,0.15
12/4/2018,0.15
12/5/2018,0.15
12/6/2018,0.15
12/7/2018,0.15
12/10/2018,0.15
12/11/2018,0.15
12/12/2018,0.15
12/13/2018,0.15
12/14/2018,0.15
12/17/2018,0.15
12/18/2018,0.15
12/19/2018,0.15
12/20/2018,0.15
12/21/2018,0.15
12/24/2018,0.15
12/26/2018,0.15
12/27/2018,0.15
12/28/2018,0.15
12/31/2018,0.14
1/2/2019,0.14
1/3/2019,0.14
1/4/2019,0.15
1/7/2019,0.15
1/8/2019,0.145
1/9/2019,0.145
1/10/2019,0.155
1/11/2019,0.155
1/14/2019,0.155
1/15/2019,0.15
1/16/2019,0.15
1/17/2019,0.15
1/18/2019,0.15
1/22/2019,0.145
1/23/2019,0.145
1/24/2019,0.145
1/25/2019,0.145
1/28/2019,0.145
1/29/2019,0.145
1/30/2019,0.145
1/31/2019,0.145
2/4/2019,0.145
2/7/2019,0.145
2/8/2019,0.145
2/11/2019,0.155
2/12/2019,0.155
2/13/2019,0.155
2/14/2019,0.155
2/15/2019,0.155
2/18/2019,0.155
2/19/2019,0.155
2/20/2019,0.145
2/21/2019,0.145
2/22/2019,0.145
2/25/2019,0.145
2/26/2019,0.145
2/27/2019,0.145
2/28/2019,0.145
3/1/2019,0.145
3/4/2019,0.145
3/5/2019,0.145
3/6/2019,0.15
3/7/2019,0.145
3/8/2019,0.145
3/11/2019,0.145
3/12/2019,0.145
3/13/2019,0.145
3/14/2019,0.145
3/15/2019,0.145
3/18/2019,0.145
3/19/2019,0.16
3/20/2019,0.16
3/21/2019,0.16
3/22/2019,0.16
3/25/2019,0.16
3/26/2019,0.16
3/27/2019,0.16
3/28/2019,0.16
3/29/2019,0.16
4/1/2019,0.16
4/2/2019,0.16
4/3/2019,0.16
4/4/2019,0.16
4/5/2019,0.16
4/8/2019,0.16
4/9/2019,0.15
4/10/2019,0.15
4/11/2019,0.15
4/12/2019,0.165
4/15/2019,0.15
4/16/2019,0.165
4/17/2019,0.145
4/18/2019,0.145
4/19/2019,0.16
4/22/2019,0.19
4/23/2019,0.18
4/24/2019,0.18
4/25/2019,0.185
4/26/2019,0.2
4/29/2019,0.2
4/30/2019,0.185
5/2/2019,0.18
5/3/2019,0.16
5/6/2019,0.16
5/7/2019,0.16
5/8/2019,0.16
5/9/2019,0.155
5/10/2019,0.16
5/13/2019,0.16
5/14/2019,0.16
5/15/2019,0.16
5/16/2019,0.155
5/17/2019,0.155
5/21/2019,0.15
5/23/2019,0.15
5/24/2019,0.145
5/27/2019,0.145
5/28/2019,0.145
5/29/2019,0.145
5/30/2019,0.145
5/31/2019,0.145
6/3/2019,0.145
6/4/2019,0.14
6/5/2019,0.14
6/6/2019,0.14
6/7/2019,0.14
6/10/2019,0.14
6/11/2019,0.145
6/12/2019,0.145
6/13/2019,0.145
6/14/2019,0.145
6/17/2019,0.145
6/18/2019,0.14
6/19/2019,0.14
6/20/2019,0.14
6/21/2019,0.165
6/24/2019,0.165
6/25/2019,0.165
6/26/2019,0.165
6/27/2019,0.165
6/28/2019,0.165
7/1/2019,0.165
7/2/2019,0.15
7/3/2019,0.15
7/4/2019,0.15
7/5/2019,0.15
7/8/2019,0.15
7/9/2019,0.16
7/10/2019,0.16
7/11/2019,0.16
7/12/2019,0.16
7/15/2019,0.175
7/16/2019,0.19
7/17/2019,0.19
7/18/2019,0.19
7/19/2019,0.19
7/22/2019,0.18
7/23/2019,0.18
7/24/2019,0.155
7/25/2019,0.15
7/26/2019,0.15
7/29/2019,0.15
7/31/2019,0.15
8/1/2019,0.15
8/2/2019,0.145
8/5/2019,0.145
8/6/2019,0.14
8/7/2019,0.14
8/8/2019,0.14
8/9/2019,0.14
8/13/2019,0.14
8/14/2019,0.135
8/15/2019,0.135
8/16/2019,0.135
8/19/2019,0.135
8/20/2019,0.135
8/21/2019,0.135
8/22/2019,0.135
8/23/2019,0.14
8/26/2019,0.14
8/27/2019,0.14
8/28/2019,0.14
8/29/2019,0.14
8/30/2019,0.14
9/3/2019,0.13
9/4/2019,0.125
9/5/2019,0.125
9/6/2019,0.125
9/10/2019,0.125
9/11/2019,0.125
9/12/2019,0.14
9/13/2019,0.14
9/17/2019,0.12
9/18/2019,0.12
9/19/2019,0.125
9/20/2019,0.125
9/23/2019,0.12
9/24/2019,0.125
9/25/2019,0.115
9/26/2019,0.115
9/27/2019,0.12
9/30/2019,0.11
10/1/2019,0.12
10/2/2019,0.12
10/3/2019,0.12
10/4/2019,0.11
10/7/2019,0.11
10/8/2019,0.11
10/9/2019,0.11
10/10/2019,0.11
10/11/2019,0.11
10/14/2019,0.11
10/15/2019,0.11
10/16/2019,0.11
10/17/2019,0.11
10/18/2019,0.115
10/21/2019,0.115
10/22/2019,0.11
10/23/2019,0.11
10/24/2019,0.11
10/25/2019,0.11
10/29/2019,0.11
10/30/2019,0.11
10/31/2019,0.11
11/1/2019,0.11
11/4/2019,0.11
11/5/2019,0.12
11/6/2019,0.12
11/7/2019,0.12
11/8/2019,0.115
11/11/2019,0.11
11/12/2019,0.125
11/13/2019,0.12
11/14/2019,0.115
11/15/2019,0.12
11/18/2019,0.12
11/19/2019,0.115
11/20/2019,0.125
11/21/2019,0.125
11/22/2019,0.13
11/25/2019,0.145
11/26/2019,0.135
11/27/2019,0.135
11/28/2019,0.135
11/29/2019,0.135
12/2/2019,0.135
12/3/2019,0.135
12/4/2019,0.135
12/5/2019,0.16
12/6/2019,0.195
12/9/2019,0.19
12/10/2019,0.175
12/11/2019,0.175
12/12/2019,0.165
12/13/2019,0.155
12/16/2019,0.16
12/17/2019,0.16
12/18/2019,0.155
12/19/2019,0.145
12/20/2019,0.145
12/23/2019,0.145
12/24/2019,0.14
12/26/2019,0.14
12/27/2019,0.15
12/30/2019,0.185
12/31/2019,0.185
1/2/2020,0.19
1/3/2020,0.17
1/6/2020,0.16
1/7/2020,0.17
1/8/2020,0.15
1/9/2020,0.16
1/10/2020,0.155
1/13/2020,0.15
1/14/2020,0.145
1/15/2020,0.14
1/16/2020,0.14
1/17/2020,0.14
1/20/2020,0.135
1/21/2020,0.135
1/22/2020,0.135
1/23/2020,0.14
1/24/2020,0.14
1/28/2020,0.125
1/29/2020,0.13
1/30/2020,0.125
1/31/2020,0.115
2/3/2020,0.11
2/4/2020,0.115
2/5/2020,0.125
2/6/2020,0.13
2/7/2020,0.12
2/10/2020,0.12
2/11/2020,0.115
2/12/2020,0.115
2/13/2020,0.12
2/14/2020,0.12
2/17/2020,0.115
2/18/2020,0.11
2/19/2020,0.115
2/20/2020,0.115
2/21/2020,0.115
2/24/2020,0.11
2/25/2020,0.105
2/26/2020,0.11
2/27/2020,0.1
2/28/2020,0.095
3/2/2020,0.09
3/3/2020,0.09
3/4/2020,0.09
3/5/2020,0.1
3/6/2020,0.1
3/9/2020,0.08
3/10/2020,0.08
3/11/2020,0.08
3/12/2020,0.075
3/13/2020,0.075
3/16/2020,0.065
3/17/2020,0.065
3/18/2020,0.06
3/19/2020,0.055
3/20/2020,0.075
3/23/2020,0.06
3/24/2020,0.065
3/25/2020,0.07
3/26/2020,0.08
3/27/2020,0.08
3/30/2020,0.08
3/31/2020,0.08
4/1/2020,0.075
4/2/2020,0.08
4/3/2020,0.075
4/6/2020,0.085
4/7/2020,0.09
4/8/2020,0.085
4/9/2020,0.085
4/10/2020,0.075
4/13/2020,0.075
4/14/2020,0.075
4/15/2020,0.08
4/16/2020,0.075
4/17/2020,0.08
4/20/2020,0.085
4/21/2020,0.085
4/22/2020,0.075
4/23/2020,0.08
4/24/2020,0.08
4/27/2020,0.08
4/28/2020,0.085
4/29/2020,0.08
4/30/2020,0.09
5/4/2020,0.09
5/5/2020,0.085
5/6/2020,0.13
5/8/2020,0.115
5/12/2020,0.12
5/13/2020,0.11
5/14/2020,0.105
5/15/2020,0.11
5/18/2020,0.12
5/19/2020,0.13
5/20/2020,0.115
5/21/2020,0.115
5/22/2020,0.12
5/27/2020,0.11
5/28/2020,0.11
5/29/2020,0.115
6/2/2020,0.115
6/3/2020,0.115
6/4/2020,0.115
6/5/2020,0.115
6/9/2020,0.11
6/10/2020,0.11
6/11/2020,0.11
6/12/2020,0.105
6/15/2020,0.1
6/16/2020,0.105
6/17/2020,0.105
6/18/2020,0.1
6/19/2020,0.105
6/22/2020,0.11
6/23/2020,0.11
6/24/2020,0.105
6/25/2020,0.105
6/26/2020,0.105
6/29/2020,0.105
6/30/2020,0.1
7/1/2020,0.1
7/2/2020,0.105
7/3/2020,0.105
7/6/2020,0.105
7/7/2020,0.105
7/8/2020,0.105
7/9/2020,0.105
7/10/2020,0.1
7/13/2020,0.125
7/14/2020,0.11
7/15/2020,0.115
7/16/2020,0.11
7/17/2020,0.12
7/20/2020,0.115
7/21/2020,0.115
7/22/2020,0.12
7/23/2020,0.12
7/24/2020,0.13
7/27/2020,0.13
7/28/2020,0.12
7/29/2020,0.12
7/30/2020,0.115
8/3/2020,0.11
8/4/2020,0.115
8/5/2020,0.125
8/6/2020,0.125
8/7/2020,0.12
8/10/2020,0.115
8/11/2020,0.12
8/12/2020,0.115
8/13/2020,0.12
8/14/2020,0.11
8/17/2020,0.115
8/18/2020,0.11
8/19/2020,0.115
8/21/2020,0.115
8/24/2020,0.115
8/25/2020,0.115
8/26/2020,0.125
8/27/2020,0.12
8/28/2020,0.125
9/1/2020,0.135
9/2/2020,0.13
9/3/2020,0.14
9/4/2020,0.14
9/7/2020,0.13
9/8/2020,0.13
9/9/2020,0.12
9/10/2020,0.115
9/11/2020,0.115
9/14/2020,0.125
9/15/2020,0.125
9/17/2020,0.125
9/18/2020,0.14
9/21/2020,0.135
9/22/2020,0.135
9/23/2020,0.125
9/24/2020,0.12
9/25/2020,0.125
9/28/2020,0.125
9/29/2020,0.12
9/30/2020,0.12
10/1/2020,0.13
10/2/2020,0.12
10/5/2020,0.115
10/6/2020,0.12
10/7/2020,0.125
10/8/2020,0.125
10/9/2020,0.13
10/12/2020,0.13
10/13/2020,0.125
10/14/2020,0.13
10/15/2020,0.125
10/16/2020,0.125
10/19/2020,0.12
10/20/2020,0.12
10/21/2020,0.12
10/22/2020,0.125
10/23/2020,0.125
10/26/2020,0.125
10/27/2020,0.125
10/28/2020,0.12
10/30/2020,0.12
11/2/2020,0.115
11/3/2020,0.12
11/4/2020,0.125
11/5/2020,0.135
11/6/2020,0.135
11/9/2020,0.13
11/10/2020,0.135
11/11/2020,0.15
11/12/2020,0.145
11/13/2020,0.15
11/16/2020,0.15
11/17/2020,0.14
11/18/2020,0.135
11/19/2020,0.145
11/20/2020,0.14
11/23/2020,0.14
11/24/2020,0.13
11/25/2020,0.135
11/26/2020,0.13
11/27/2020,0.13
11/30/2020,0.14
12/1/2020,0.145
12/2/2020,0.145
12/3/2020,0.145
12/4/2020,0.14
12/7/2020,0.145
12/8/2020,0.14
12/9/2020,0.14
12/10/2020,0.135
12/11/2020,0.135
12/14/2020,0.14
12/15/2020,0.135
12/16/2020,0.135
12/17/2020,0.135
12/18/2020,0.14
12/21/2020,0.135
12/22/2020,0.135
12/23/2020,0.135
12/24/2020,0.135
12/28/2020,0.14
12/29/2020,0.135
12/30/2020,0.135
12/31/2020,0.135
1/4/2021,0.14
1/5/2021,0.135
1/6/2021,0.135
1/7/2021,0.13
1/8/2021,0.13
1/11/2021,0.13
1/12/2021,0.13
1/13/2021,0.13
1/14/2021,0.13
1/15/2021,0.13
1/18/2021,0.125
1/19/2021,0.125
1/20/2021,0.125
1/21/2021,0.125
1/22/2021,0.125
1/25/2021,0.12
1/26/2021,0.12
1/27/2021,0.115
1/29/2021,0.12
2/2/2021,0.115
2/3/2021,0.125
2/4/2021,0.125
2/5/2021,0.125
2/8/2021,0.12
2/9/2021,0.13
2/10/2021,0.125
2/11/2021,0.13
2/15/2021,0.13
2/16/2021,0.135
2/17/2021,0.135
2/18/2021,0.14
2/19/2021,0.135
2/22/2021,0.135
2/23/2021,0.135
2/24/2021,0.135
2/25/2021,0.14
2/26/2021,0.135
3/1/2021,0.135
3/2/2021,0.135
3/3/2021,0.135
3/4/2021,0.135
3/5/2021,0.135
3/8/2021,0.135
3/9/2021,0.135
3/10/2021,0.14
3/11/2021,0.14
3/12/2021,0.145
3/15/2021,0.14
3/16/2021,0.145
3/17/2021,0.145
3/18/2021,0.135
3/19/2021,0.14
3/22/2021,0.14
3/23/2021,0.14
3/24/2021,0.135
3/25/2021,0.135
3/26/2021,0.14
3/29/2021,0.135
3/30/2021,0.135
3/31/2021,0.135
4/1/2021,0.135
4/2/2021,0.135
4/5/2021,0.13
4/6/2021,0.13
4/7/2021,0.135
4/8/2021,0.13
4/9/2021,0.135
4/12/2021,0.135
4/13/2021,0.13
4/14/2021,0.14
4/15/2021,0.135
4/16/2021,0.135
4/19/2021,0.145
4/20/2021,0.14
4/21/2021,0.145
4/22/2021,0.145
4/23/2021,0.14
4/26/2021,0.135
4/27/2021,0.135
4/28/2021,0.135
4/30/2021,0.14
5/3/2021,0.145
5/4/2021,0.155
5/5/2021,0.15
5/6/2021,0.155
5/7/2021,0.155
5/10/2021,0.15
5/11/2021,0.145
5/12/2021,0.15
5/17/2021,0.145
5/18/2021,0.145
5/19/2021,0.14
5/20/2021,0.14
5/21/2021,0.13
5/24/2021,0.13
5/25/2021,0.135
5/27/2021,0.14
5/28/2021,0.145
5/31/2021,0.14
6/1/2021,0.14
6/2/2021,0.14
6/3/2021,0.14
6/4/2021,0.14
6/8/2021,0.14
6/9/2021,0.14
6/10/2021,0.14
6/11/2021,0.135
6/14/2021,0.135
6/15/2021,0.135
6/16/2021,0.13
6/17/2021,0.13
6/18/2021,0.13
6/21/2021,0.13
6/22/2021,0.13
6/23/2021,0.13
6/24/2021,0.125
6/25/2021,0.13
6/28/2021,0.13
6/29/2021,0.13
6/30/2021,0.125
7/1/2021,0.12
7/2/2021,0.125
7/5/2021,0.12
7/6/2021,0.12
7/7/2021,0.12
7/8/2021,0.12
7/9/2021,0.12
7/12/2021,0.115
7/13/2021,0.115
7/14/2021,0.12
7/15/2021,0.12
7/16/2021,0.12
7/19/2021,0.125
7/21/2021,0.125
7/22/2021,0.125
7/23/2021,0.12
7/26/2021,0.125
7/27/2021,0.13
7/28/2021,0.13
7/29/2021,0.12
7/30/2021,0.12
8/2/2021,0.12
8/3/2021,0.12
8/4/2021,0.12
8/5/2021,0.12
8/6/2021,0.115
8/9/2021,0.115
8/11/2021,0.115
8/12/2021,0.12
8/13/2021,0.12
8/16/2021,0.125
8/17/2021,0.125
8/18/2021,0.125
8/19/2021,0.125
8/20/2021,0.13
8/23/2021,0.125
8/24/2021,0.125
8/25/2021,0.13
8/26/2021,0.13
8/27/2021,0.12
8/30/2021,0.135
9/1/2021,0.125
9/2/2021,0.125
9/3/2021,0.125
9/6/2021,0.125
9/7/2021,0.13
9/8/2021,0.125
9/9/2021,0.13
9/10/2021,0.13
9/13/2021,0.125
9/14/2021,0.125
9/15/2021,0.13
9/17/2021,0.125
9/20/2021,0.125
9/21/2021,0.125
9/22/2021,0.12
9/23/2021,0.12
9/24/2021,0.125
9/27/2021,0.12
9/28/2021,0.12
9/29/2021,0.12
9/30/2021,0.125
10/1/2021,0.12
10/4/2021,0.125
10/5/2021,0.13
10/6/2021,0.13
10/7/2021,0.135
10/8/2021,0.125
10/11/2021,0.135
10/12/2021,0.13
10/13/2021,0.125
10/14/2021,0.125
10/15/2021,0.125
10/18/2021,0.125
10/20/2021,0.135
10/21/2021,0.135
10/22/2021,0.125
10/25/2021,0.13
10/26/2021,0.125
10/27/2021,0.125
10/28/2021,0.12
10/29/2021,0.12
11/1/2021,0.12
11/2/2021,0.13
11/3/2021,0.125
11/5/2021,0.13
11/8/2021,0.12
11/9/2021,0.125
11/10/2021,0.12
11/11/2021,0.125
11/12/2021,0.12
11/15/2021,0.12
11/16/2021,0.125
11/17/2021,0.125
11/18/2021,0.13
11/19/2021,0.13
11/22/2021,0.125
11/23/2021,0.12
11/24/2021,0.12
11/25/2021,0.125
11/26/2021,0.12
11/29/2021,0.115
11/30/2021,0.115
12/1/2021,0.12
12/2/2021,0.115
12/6/2021,0.115
12/7/2021,0.115
12/8/2021,0.12
12/9/2021,0.115
12/10/2021,0.11
12/13/2021,0.115
12/14/2021,0.12
12/15/2021,0.12
12/16/2021,0.115
12/17/2021,0.12
12/20/2021,0.115
12/21/2021,0.12
12/22/2021,0.12
12/23/2021,0.115
12/24/2021,0.12
12/27/2021,0.12
12/28/2021,0.115
12/29/2021,0.12
12/30/2021,0.12
12/31/2021,0.115
1/3/2022,0.12
1/4/2022,0.12
1/5/2022,0.115
1/6/2022,0.12
1/7/2022,0.115
1/10/2022,0.125
1/11/2022,0.125
1/12/2022,0.125
1/13/2022,0.125
1/14/2022,0.115
1/17/2022,0.115
1/19/2022,0.115
1/20/2022,0.11
1/21/2022,0.115
1/24/2022,0.115
1/25/2022,0.11
1/26/2022,0.11
1/27/2022,0.11
1/28/2022,0.115
1/31/2022,0.11
2/3/2022,0.115
2/4/2022,0.115
2/7/2022,0.12
2/8/2022,0.115
2/9/2022,0.11
2/10/2022,0.115
2/11/2022,0.13
2/14/2022,0.125
2/15/2022,0.13
2/16/2022,0.125
2/17/2022,0.135
2/18/2022,0.14
2/21/2022,0.135
2/22/2022,0.135
2/23/2022,0.135
2/24/2022,0.135
2/25/2022,0.14
2/28/2022,0.14
3/1/2022,0.13
3/2/2022,0.14
3/3/2022,0.135
3/4/2022,0.125
3/7/2022,0.12
3/8/2022,0.12
3/9/2022,0.12
3/10/2022,0.115
3/11/2022,0.12
3/14/2022,0.11
3/15/2022,0.11
3/16/2022,0.115
3/17/2022,0.11
3/18/2022,0.115
3/21/2022,0.11
3/22/2022,0.11
3/23/2022,0.12
3/24/2022,0.11
3/25/2022,0.11
3/28/2022,0.11
3/29/2022,0.115
3/30/2022,0.115
3/31/2022,0.11
4/1/2022,0.115
4/4/2022,0.115
4/5/2022,0.115
4/6/2022,0.115
4/7/2022,0.115
4/8/2022,0.115
4/11/2022,0.12
4/12/2022,0.125
4/13/2022,0.115
4/14/2022,0.12
4/15/2022,0.115
4/18/2022,0.115
4/20/2022,0.12
4/21/2022,0.12
4/22/2022,0.115
4/25/2022,0.125
4/26/2022,0.125
4/27/2022,0.125
4/28/2022,0.125
4/29/2022,0.12
5/5/2022,0.115
5/6/2022,0.115
5/9/2022,0.115
5/10/2022,0.11
5/11/2022,0.115
5/12/2022,0.115
5/13/2022,0.115
5/17/2022,0.115
5/18/2022,0.115
5/19/2022,0.115
5/20/2022,0.115
5/23/2022,0.115
5/24/2022,0.115
5/25/2022,0.115
5/26/2022,0.115
5/27/2022,0.115
5/30/2022,0.11
5/31/2022,0.11
6/1/2022,0.115
6/2/2022,0.115
6/3/2022,0.11
6/7/2022,0.11
6/8/2022,0.115
6/9/2022,0.115
6/10/2022,0.115
6/13/2022,0.11
6/14/2022,0.11
6/15/2022,0.11
6/16/2022,0.11
6/17/2022,0.11
6/20/2022,0.11
6/21/2022,0.11
6/22/2022,0.105
6/23/2022,0.105
6/24/2022,0.11
6/27/2022,0.11
6/28/2022,0.1
6/29/2022,0.105
6/30/2022,0.105
7/1/2022,0.11
7/4/2022,0.105
7/5/2022,0.105
7/6/2022,0.105
7/7/2022,0.105
7/8/2022,0.105
7/12/2022,0.1
7/13/2022,0.1
7/14/2022,0.095
7/15/2022,0.095
7/18/2022,0.095
7/19/2022,0.1
7/20/2022,0.1
7/21/2022,0.105
7/22/2022,0.105
7/25/2022,0.1
7/26/2022,0.105
7/27/2022,0.105
7/28/2022,0.105
7/29/2022,0.1
8/1/2022,0.1
8/2/2022,0.1
8/3/2022,0.1
8/4/2022,0.095
8/5/2022,0.1
8/8/2022,0.1
8/9/2022,0.1
8/10/2022,0.1
8/11/2022,0.1
8/12/2022,0.1
8/15/2022,0.11
8/16/2022,0.11
8/17/2022,0.105
8/18/2022,0.105
8/19/2022,0.105
8/22/2022,0.1
8/23/2022,0.1
8/24/2022,0.1
8/25/2022,0.1
8/26/2022,0.1
8/29/2022,0.1
8/30/2022,0.1
9/1/2022,0.1
9/2/2022,0.1
9/5/2022,0.105
9/6/2022,0.105
9/7/2022,0.105
9/8/2022,0.105
9/9/2022,0.105
9/12/2022,0.105
9/13/2022,0.105
9/14/2022,0.105
9/15/2022,0.1
9/19/2022,0.105
9/20/2022,0.105
9/21/2022,0.11
9/22/2022,0.11
9/23/2022,0.115
9/26/2022,0.105
9/27/2022,0.105
9/28/2022,0.095
9/29/2022,0.095
9/30/2022,0.1
10/3/2022,0.1
10/4/2022,0.095
10/5/2022,0.105
10/6/2022,0.11
10/7/2022,0.11
10/11/2022,0.11
10/12/2022,0.11
10/13/2022,0.11
10/14/2022,0.11
10/17/2022,0.11
10/18/2022,0.11
10/19/2022,0.11
10/20/2022,0.11
10/21/2022,0.11
10/25/2022,0.11
10/26/2022,0.1
10/27/2022,0.1
10/28/2022,0.1
10/31/2022,0.105
11/1/2022,0.11
11/2/2022,0.11
11/3/2022,0.11
11/4/2022,0.11
11/7/2022,0.105
11/8/2022,0.105
11/9/2022,0.105
11/10/2022,0.11
11/11/2022,0.11
11/14/2022,0.11
11/15/2022,0.11
11/16/2022,0.11
11/17/2022,0.11
11/21/2022,0.105
11/22/2022,0.105
11/23/2022,0.105
11/24/2022,0.11
11/25/2022,0.11
11/29/2022,0.11
11/30/2022,0.105
12/1/2022,0.11
12/2/2022,0.11
12/5/2022,0.11
12/6/2022,0.11
12/7/2022,0.115
12/8/2022,0.11
12/9/2022,0.11
12/12/2022,0.11
12/13/2022,0.11
12/14/2022,0.11
12/15/2022,0.11
12/16/2022,0.11
12/19/2022,0.11
12/20/2022,0.11
12/21/2022,0.11
12/22/2022,0.11
12/23/2022,0.11
12/27/2022,0.12
12/28/2022,0.115
12/29/2022,0.11
12/30/2022,0.12
1/3/2023,0.11
1/4/2023,0.11
1/5/2023,0.11
1/6/2023,0.11
1/9/2023,0.11
1/10/2023,0.115
1/11/2023,0.12
1/12/2023,0.11
1/13/2023,0.11
1/16/2023,0.115
1/17/2023,0.115
1/18/2023,0.115
1/19/2023,0.115
1/20/2023,0.12
1/25/2023,0.12
1/26/2023,0.12
1/27/2023,0.125
1/30/2023,0.12
1/31/2023,0.125
2/2/2023,0.125
2/3/2023,0.125
2/7/2023,0.125
2/8/2023,0.12
2/9/2023,0.12
2/10/2023,0.12
2/13/2023,0.125
2/14/2023,0.125
2/15/2023,0.125
2/16/2023,0.125
2/17/2023,0.125
2/20/2023,0.125
2/21/2023,0.125
2/22/2023,0.125
2/23/2023,0.125
2/24/2023,0.12
2/27/2023,0.12
2/28/2023,0.12
3/1/2023,0.12
3/2/2023,0.115
3/3/2023,0.115
3/6/2023,0.11
3/7/2023,0.11
3/8/2023,0.115
3/9/2023,0.115
3/10/2023,0.115
3/13/2023,0.115
3/14/2023,0.115
3/15/2023,0.115
3/16/2023,0.11
3/17/2023,0.11
3/20/2023,0.135
3/21/2023,0.13
3/22/2023,0.13
3/23/2023,0.115
3/24/2023,0.115
3/27/2023,0.11
3/28/2023,0.11
3/29/2023,0.11
3/30/2023,0.115
3/31/2023,0.115
4/3/2023,0.115
4/4/2023,0.115
4/5/2023,0.115
4/6/2023,0.115
4/7/2023,0.11
4/10/2023,0.115
4/11/2023,0.115
4/12/2023,0.115
4/13/2023,0.115
4/14/2023,0.115
4/17/2023,0.12
4/18/2023,0.11
4/19/2023,0.11
4/20/2023,0.115
